source_code,source_id,question,choice_a,choice_b,choice_c,choice_d,choice_e,answers,explanation,explanation_url,flags,metadata
pe-01,001,AWS allows users to manage their resources using a web based user interface. What is the name of this interface?,AWS CLI.,AWS API.,AWS SDK.,AWS Management Console.,,['d'],,,,
pe-01,002,Which of the following is an example of horizontal scaling in the AWS Cloud?,"Replacing an existing EC2 instance with a larger, more powerful one.",Increasing the compute capacity of a single EC2 instance to address the growing demands of an application.,Adding more RAM capacity to an EC2 instance.,Adding more EC2 instances of the same size to handle an increase in traffic.,,['d'],,,,
pe-01,003,You have noticed that several critical Amazon EC2 instances have been terminated. Which of the following AWS services would help you determine who took this action?,Amazon Inspector.,AWS CloudTrail.,AWS Trusted Advisor.,EC2 Instance Usage Report.,,['b'],,,,
pe-01,004,Which of the below options are related to the reliability of AWS? (Choose TWO),Applying the principle of least privilege to all AWS resources.,Automatically provisioning new resources to meet demand.,"All AWS services are considered Global Services, and this design helps customers serve their international users.",Providing compensation to customers if issues occur.,Ability to recover quickly from failures.,"['b', 'e']",,,,
pe-01,005,Which statement is true regarding the AWS Shared Responsibility Model?,Responsibilities vary depending on the services used.,Security of the IaaS services is the responsibility of AWS.,Patching the guest OS is always the responsibility of AWS.,Security of the managed services is the responsibility of the customer.,,['a'],,,,
pe-01,006,You have set up consolidated billing for several AWS accounts. One of the accounts has purchased a number of reserved instances for 3 years. Which of the following is true regarding this scenario?,The Reserved Instance discounts can only be shared with the master account.,All accounts can receive the hourly cost benefit of the Reserved Instances.,The purchased instances will have better performance than On-demand instances.,There are no cost benefits from using consolidated billing; It is for informational purposes only.,,['b'],,,,
pe-01,007,A company has developed an eCommerce web application in AWS. What should they do to ensure that the application has the highest level of availability?,Deploy the application across multiple Availability Zones and Edge locations.,Deploy the application across multiple Availability Zones and subnets.,Deploy the application across multiple Regions and Availability Zones.,Deploy the application across multiple VPC’s and subnets.,,['c'],,,,
pe-01,008,What does AWS Snowball provide? (Choose TWO),Built-in computing capabilities that allow customers to process data locally.,A catalog of third-party software solutions that customers need to build solutions and run their businesses.,A hybrid cloud storage between on-premises environments and the AWS Cloud.,An Exabyte-scale data transfer service that allows you to move extremely large amounts of data to AWS.,Secure transfer of large amounts of data into and out of the AWS.,"['a', 'e']",,,,
pe-01,009,A company has an AWS Enterprise Support plan. They want quick and efficient guidance with their billing and account inquiries. Which of the following should the company use?,AWS Health Dashboard.,AWS Support Concierge.,AWS Customer Service.,AWS Operations Support.,,['b'],,,,
pe-01,010,"A Japanese company hosts their applications on Amazon EC2 instances in the Tokyo Region. The company has opened new branches in the United States, and the US users are complaining of high latency. What can the company do to reduce latency for the users in the US while minimizing costs?",Applying the Amazon Connect latency-based routing policy.,Registering a new US domain name to serve the users in the US.,Building a new data center in the US and implementing a hybrid model.,Deploying new Amazon EC2 instances in a Region located in the US.,,['d'],,,,
pe-01,011,An organization has a large number of technical employees who operate their AWS Cloud infrastructure. What does AWS provide to help organize them into teams and then assign the appropriate permissions for each team?,IAM roles.,IAM users.,IAM user groups.,AWS Organizations.,,['c'],,,,
pe-01,012,A company has decided to migrate its Oracle database to AWS. Which AWS service can help achieve this without negatively impacting the functionality of the source database?,AWS OpsWorks.,AWS Database Migration Service.,AWS Server Migration Service.,AWS Application Discovery Service.,,['b'],,,,
pe-01,013,Adjusting compute capacity dynamically to reduce cost is an implementation of which AWS cloud best practice?,Build security in every layer.,Parallelize tasks.,Implement elasticity.,Adopt monolithic architecture.,,['c'],,,,
pe-01,014,What are the benefits of having infrastructure hosted in AWS? (Choose TWO),Increasing speed and agility.,There is no need to worry about security.,Gaining complete control over the physical infrastructure.,Operating applications on behalf of customers.,All of the physical security and most of the data/network security are taken care of for you.,"['a', 'e']",,,,
pe-01,015,"What is the advantage of the AWS-recommended practice of ""decoupling"" applications?","Allows treating an application as a single, cohesive unit.",Reduces inter-dependencies so that failures do not impact other components of the application.,Allows updates of any monolithic application quickly and easily.,Allows tracking of any API call made to any AWS service.,,['b'],,,,
pe-01,016,Which of the following helps a customer view the Amazon EC2 billing activity for the past month?,AWS Budgets.,AWS Pricing Calculator.,AWS Systems Manager.,AWS Cost & Usage Reports.,,['d'],,,,
pe-01,017,What do you gain from setting up consolidated billing for five different AWS accounts under another master account?,AWS services’ costs will be reduced to half the original price.,The consolidated billing feature is just for organizational purpose.,Each AWS account gets volume discounts.,Each AWS account gets five times the free-tier services capacity.,,['c'],,,,
pe-01,018,What should you do in order to keep the data on EBS volumes safe? (Choose TWO),Regularly update firmware on EBS devices.,Create EBS snapshots.,Ensure that EBS data is encrypted at rest.,Store a backup daily in an external drive.,Prevent any unauthorized access to AWS data centers.,"['b', 'c']",,,,
pe-01,019,One of the most important AWS best-practices to follow is the cloud architecture principle of elasticity. How does this principle improve your architecture’s design?,By automatically scaling your on-premises resources based on changes in demand.,By automatically scaling your AWS resources using an Elastic Load Balancer.,By reducing interdependencies between application components wherever possible.,By automatically provisioning the required AWS resources based on changes in demand.,,['d'],,,,
pe-01,020,A startup company is operating on limited funds and is extremely concerned about cost overruns. Which of the below options can be used to notify the company when their monthly AWS bill exceeds $2000? (Choose TWO),Setup a CloudWatch billing alarm that triggers an SNS notification when the threshold is exceeded.,Configure the Amazon Simple Email Service to send billing alerts to their email address on a daily basis.,Configure the AWS Budgets Service to alert the company when the threshold is exceeded.,Configure AWS CloudTrail to automatically delete all AWS resources when the threshold is exceeded.,Configure the Amazon Connect Service to alert the company when the threshold is exceeded.,"['a', 'c']",,,,
pe-01,021,What does Amazon CloudFront use to distribute content to global users with low latency?,AWS Global Accelerator.,AWS Regions.,AWS Edge Locations.,AWS Availability Zones.,,['c'],,,,
pe-01,022,"What does the ""Principle of Least Privilege"" refer to?",You should grant your users only the permissions they need when they need them and nothing more.,All IAM users should have at least the necessary permissions to access the core AWS services.,All trusted IAM users should have access to any AWS service in the respective AWS account.,IAM users should not be granted any permissions; to keep your account safe.,,['a'],,,,
pe-01,023,Which of the following does NOT belong to the AWS Cloud Computing models?,Platform as a Service (PaaS).,Infrastructure as a Service (IaaS).,Software as a Service (SaaS).,Networking as a Service (NaaS).,,['d'],,,,
pe-01,024,The identification process of an online financial services company requires that new users must complete an online interview with their security team. The completed recorded interviews are only required in the event of a legal issue or a regulatory compliance breach. What is the most cost-effective service to store the recorded videos?,S3 Intelligent-Tiering.,AWS Marketplace.,Amazon S3 Glacier Deep Archive.,Amazon EBS.,,['c'],,,,
pe-01,025,Which service provides DNS in the AWS cloud?,Route 53.,AWS Config.,Amazon CloudFront.,Amazon EMR.,,['a'],,,,
pe-01,026,Hundreds of thousands of DDoS attacks are recorded every month worldwide. What service does AWS provide to help protect AWS Customers from these attacks? (Choose TWO),AWS Shield.,AWS Config.,Amazon Cognito.,AWS WAF.,AWS KMS.,"['a', 'd']",,,,
pe-01,027,A company is deploying a new two-tier web application in AWS. Where should the most frequently accessed data be stored so that the application’s response time is optimal?,AWS OpsWorks.,AWS Storage Gateway.,Amazon EBS volume.,Amazon ElastiCache.,,['d'],,,,
pe-01,028,"You want to run a questionnaire application for only one day (without interruption), which Amazon EC2 purchase option should you use?",Reserved instances.,Spot instances.,Dedicated instances.,On-demand instances.,,['d'],,,,
pe-01,029,"You are working on a project that involves creating thumbnails of millions of images. Consistent uptime is not an issue, and continuous processing is not required. Which EC2 buying option would be the most cost-effective?",Reserved Instances.,On-demand Instances.,Dedicated Instances.,Spot Instances.,,['d'],,,,
pe-01,030,Which of the following can be described as a global content delivery network (CDN) service?,AWS VPN.,AWS Direct Connect.,AWS Regions.,Amazon CloudFront.,,['d'],,,,
pe-01,031,Which of the following services allows customers to manage their agreements with AWS?,AWS Artifact.,AWS Certificate Manager.,AWS Systems Manager.,AWS Organizations.,,['a'],,,,
pe-01,032,"Which of the following are examples of AWS-Managed Services, where AWS is responsible for the operational and maintenance burdens of running the service? (Choose TWO)",Amazon VPC.,Amazon DynamoDB.,Amazon Elastic MapReduce.,AWS IAM.,Amazon Elastic Compute Cloud.,"['b', 'c']",,,,
pe-01,033,Your company has a data store application that requires access to a NoSQL database. Which AWS database offering would meet this requirement?,Amazon Aurora.,Amazon DynamoDB.,Amazon Elastic Block Store.,Amazon Redshift.,,['b'],,,,
pe-01,034,"As part of the Enterprise support plan, who is the primary point of contact for ongoing support needs?",AWS Identity and Access Management (IAM) user.,Infrastructure Event Management (IEM) engineer.,AWS Consulting Partners.,Technical Account Manager (TAM).,,['d'],,,,
pe-01,035,How can you view the distribution of AWS spending in one of your AWS accounts?,By using Amazon VPC console.,By contacting the AWS Support team.,By using AWS Cost Explorer.,By contacting the AWS Finance team.,,['c'],,,,
pe-01,036,Which of the following must an IAM user provide to interact with AWS services using the AWS Command Line Interface (AWS CLI)?,Access keys.,Secret token.,UserID.,User name and password.,,['a'],,,,
pe-01,037,"You have AWS Basic support, and you have discovered that some AWS resources are being used maliciously, and those resources could potentially compromise your data. What should you do?",Contact the AWS Customer Service team.,Contact the AWS Abuse team.,Contact the AWS Concierge team.,Contact the AWS Security team.,,['b'],,,,
pe-01,038,Select TWO examples of the AWS shared controls.,Patch Management.,IAM Management.,VPC Management.,Configuration Management.,Data Center operations.,"['a', 'd']",,,,
pe-01,039,"In order to implement best practices when dealing with a “Single Point of Failure,” you should attempt to build as much automation as possible in both detecting and reacting to failure. Which of the following AWS services would help? (Choose TWO)",ELB.,Auto Scaling.,Amazon Athen.,ECR.,Amazon EC2.,"['a', 'b']",,,,
pe-01,040,A company is planning to host an educational website on AWS. Their video courses will be streamed all around the world. Which of the following AWS services will help achieve high transfer speeds?,Amazon SNS.,Amazon Kinesis Video Streams.,AWS CloudFormation.,Amazon CloudFront.,,['d'],,,,
pe-01,041,A developer is planning to build a two-tier web application that has a MySQL database layer. Which of the following AWS database services would provide automated backups for the application?,A MySQL database installed on an EC2 instance.,Amazon Aurora.,Amazon DynamoDB.,Amazon Neptune.,,['b'],,,,
pe-01,042,What is the AWS service that enables AWS architects to manage infrastructure as code?,AWS CloudFormation.,AWS Config.,Amazon SES.,Amazon EMR.,,['a'],,,,
pe-01,043,"Under the shared responsibility model, which of the following is the responsibility of AWS?",Client-side encryption.,Configuring infrastructure devices.,Server-side encryption.,Filtering traffic with Security Groups.,,['b'],,,,
pe-01,044,What does the AWS Health Dashboard provide? (Choose TWO),Detailed troubleshooting guidance to address AWS events impacting your resources.,Health checks for Auto Scaling instances.,Recommendations for Cost Optimization.,A dashboard detailing vulnerabilities in your applications.,Personalized view of AWS service health.,"['a', 'e']",,,,
pe-01,045,You have deployed your application on multiple Amazon EC2 instances. Your customers complain that sometimes they can’t reach your application. Which AWS service allows you to monitor the performance of your EC2 instances to assist in troubleshooting these issues?,AWS Lambda.,AWS Config.,Amazon CloudWatch.,AWS CloudTrail.,,['c'],,,,
pe-01,046,"Your company is developing a critical web application in AWS, and the security of the application is a top priority. Which of the following AWS services will provide infrastructure security optimization recommendations?",AWS Shield.,AWS Management Console.,AWS Secrets Manager.,AWS Trusted Advisor.,,['d'],,,,
pe-01,047,Which of the following is not a benefit of Amazon S3? (Choose TWO),Amazon S3 provides unlimited storage for any type of data.,Amazon S3 can run any type of application or backend system.,"Amazon S3 stores any number of objects, but with object size limits.",Amazon S3 can be scaled manually to store and retrieve any amount of data from anywhere.,Amazon S3 provides 99.999999999% (11 9’s) of data durability.,"['b', 'd']",,,,
pe-01,048,"In the AWS Shared responsibility Model, which of the following are the responsibility of the customer? (Choose TWO)",Disk disposal.,Controlling physical access to compute resources.,Patching the Network infrastructure.,Setting password complexity rules.,Configuring network access rules.,"['d', 'e']",,,,
pe-01,049,What does AWS provide to deploy popular technologies such as IBM MQ on AWS with the least amount of effort and time?,Amazon Aurora.,Amazon CloudWatch.,AWS Quick Start reference deployments.,AWS OpsWorks.,,['c'],,,,
pe-01,050,An organization has decided to purchase an Amazon EC2 Reserved Instance (RI) for three years in order to reduce costs. It is possible that the application workloads could change during the reservation period. What is the EC2 Reserved Instance (RI) type that will allow the company to exchange the purchased reserved instance for another reserved instance with higher computing power if they need to?,Elastic RI.,Premium RI.,Standard RI.,Convertible RI.,,['d'],,,,
pe-02,001,A global company with a large number of AWS accounts is seeking a way in which they can centrally manage billing and security policies across all accounts. Which AWS Service will assist them in meeting these goals?,AWS Organizations.,AWS Trusted Advisor.,IAM User Groups.,AWS Config.,,['a'],,,,
pe-02,002,Which service provides object-level storage in AWS?,Amazon EBS.,Amazon Instance Store.,Amazon EFS.,Amazon S3.,,['d'],,,,
pe-02,003,A company is concerned that they are spending money on underutilized compute resources in AWS. Which AWS feature will help ensure that their applications are automatically adding/removing EC2 compute capacity to closely match the required demand?,AWS Elastic Load Balancer.,AWS Budgets.,AWS Auto Scaling.,AWS Cost Explorer.,,['c'],,,,
pe-02,004,Which S3 storage class is best for data with unpredictable access patterns?,Amazon S3 Intelligent-Tiering.,Amazon S3 Glacier Flexible Retrieval.,Amazon S3 Standard.,Amazon S3 Standard-Infrequent Access.,,['a'],,,,
pe-02,005,What is the AWS database service that allows you to upload data structured in key-value format?,Amazon DynamoDB.,Amazon Aurora.,Amazon Redshift.,Amazon RDS.,,['a'],,,,
pe-02,006,Which of the following is NOT correct regarding Amazon EC2 On-demand instances?,You have to pay a start-up fee when launching a new instance for the first time.,The on-demand instances follow the AWS pay-as-you-go pricing model.,"With on-demand instances, no longer-term commitments or upfront payments are needed.","When using on-demand Linux instances, you are charged per second based on an hourly rate.",,['a'],,,,
pe-02,007,A company has moved to AWS recently. Which of the following AWS Services will help ensure that they have the proper security settings? (Choose TWO),AWS Trusted Advisor.,Amazon Inspector.,Amazon SNS.,Amazon CloudWatch.,Concierge Support Team.,"['a', 'b']",,,,
pe-02,008,What is the AWS feature that provides an additional level of security above the default authentication mechanism of usernames and passwords?,Encrypted keys.,Email verification.,AWS KMS.,AWS MFA.,,['d'],,,,
pe-02,009,"A company is introducing a new product to their customers, and is expecting a surge in traffic to their web application. As part of their Enterprise Support plan, which of the following provides the company with architectural and scaling guidance?",AWS Knowledge Center.,AWS Health Dashboard.,Infrastructure Event Management.,AWS Support Concierge Service.,,['c'],,,,
pe-02,010,"You work as an on-premises MySQL DBA. The work of database configuration, backups, patching, and DR can be time-consuming and repetitive. Your company has decided to migrate to the AWS Cloud. Which of the following can help save time on database maintenance so you can focus on data architecture and performance?",Amazon RDS.,Amazon Redshift.,Amazon DynamoDB.,Amazon CloudWatch.,,['a'],,,,
pe-02,011,Which of the below is a best-practice when designing solutions on AWS?,"Invest heavily in architecting your environment, as it is not easy to change your design later.",Use AWS reservations to reduce costs when testing your production environment.,Automate wherever possible to make architectural (© ) experimentation easier.,Provision a large compute capacity to handle any spikes in load,,['c'],,,,
pe-02,012,"According to the AWS Acceptable Use Policy, which of the following statements is true regarding penetration testing of EC2 instances?",Penetration testing is not allowed in AWS.,Penetration testing is performed automatically by AWS to determine vulnerabilities in your AWS infrastructure.,Penetration testing can be performed by the customer on their own instances without prior authorization from AWS.,The AWS customers are only allowed to perform penetration testing on services managed by AWS.,,['c'],,,,
pe-02,013,Which service is used to ensure that messages between software components are not lost if one or more components fail?,Amazon SQS.,Amazon SES.,AWS Direct Connect.,Amazon Connect.,,['a'],,,,
pe-02,014,The principle “design for failure and nothing will fail” is very important when designing your AWS Cloud architecture. Which of the following would help adhere to this principle? (Choose TWO),Multi-factor authentication.,Availability Zones.,Elastic Load Balancing.,Penetration testing.,Vertical Scaling.,"['b', 'c']",,,,
pe-02,015,What is the AWS service that provides a virtual network dedicated to your AWS account?,AWS VPN.,AWS Subnets.,AWS Dedicated Hosts.,Amazon VPC.,,['d'],,,,
pe-02,016,"According to the AWS Shared responsibility model, which of the following are the responsibility of the customer? (Choose TWO)",Managing environmental events of AWS data centers.,Protecting the confidentiality of data in transit in Amazon S3.,Controlling physical access to AWS Regions.,Ensuring that the underlying EC2 host is configured properly.,Patching applications installed on Amazon EC2.,"['b', 'e']",,,,
pe-02,017,Which of the following AWS services can be used as a compute resource? (Choose TWO),Amazon VPC.,Amazon CloudWatch.,Amazon S3.,Amazon EC2.,AWS Lambda.,"['d', 'e']",,,,
pe-02,018,Your company is designing a new application that will store and retrieve photos and videos. Which of the following services should you recommend as the underlying storage mechanism?,Amazon EBS.,Amazon SQS.,Amazon S3.,Amazon Instance store.,,['c'],,,,
pe-02,019,Which of the following is equivalent to a user name and password and is used to authenticate your programmatic access to AWS services and APIs?,Instance Password.,Key pairs.,Access Keys.,MFA.,,['c'],,,,
pe-02,020,What does Amazon ElastiCache provide?,In-memory caching for read-heavy applications.,An Ehcache compatible in-memory data store.,An online software store that allows Customers to launch pre-configured software with just few clicks.,A domain name system in the cloud.,,['a'],,,,
pe-02,021,What is the AWS service that enables you to manage all of your AWS accounts from a single master account?,AWS WAF.,AWS Trusted Advisor.,AWS Organizations.,Amazon Config.,,['c'],,,,
pe-02,022,Which of the following EC2 instance purchasing options supports the Bring Your Own License (BYOL) model for almost every BYOL scenario?,Dedicated Instances.,Dedicated Hosts.,On-demand Instances.,Reserved Instances.,,['b'],,,,
pe-02,023,Which of the following is one of the benefits of moving infrastructure from an on-premises data center to AWS?,Free support for all enterprise customers.,Automatic data protection.,Reduced Capital Expenditure (CapEx).,AWS holds responsibility for managing customer applications.,,['c'],,,,
pe-02,024,Which of the following are important design principles you should adopt when designing systems on AWS? (Choose TWO),Always use Global Services in your architecture rather than Regional Services.,Always choose to pay as you go.,Treat servers as fixed resources.,Automate wherever possible.,Remove single points of failure.,"['d', 'e']",,,,
pe-02,025,"Which AWS Service can be used to establish a dedicated, private network connection between AWS and your datacenter?",AWS Direct Connect.,Amazon CloudFront.,AWS Snowball.,Amazon Route 53.,,['a'],,,,
pe-02,026,You are working on two projects that require completely different network configurations. Which AWS service or feature will allow you to isolate resources and network configurations?,Internet gateways.,Virtual Private Cloud.,Security Groups.,Amazon CloudFront.,,['b'],,,,
pe-02,027,Which of the following services can help protect your web applications from SQL injection and other vulnerabilities in your application code?,Amazon Cognito.,AWS IAM.,Amazon Aurora.,AWS WAF.,,['d'],,,,
pe-02,028,An organization needs to analyze and process a large number of data sets. Which AWS service should they use?,Amazon EMR.,Amazon MQ.,Amazon SNS.,Amazon SQS.,,['a'],,,,
pe-02,029,"Based on the AWS Shared Responsibility Model, which of the following are the sole responsibility of AWS? (Choose TWO)",Monitoring network performance.,Installing software on EC2 instances.,Creating hypervisors.,Configuring Access Control Lists (ACLs).,Hardware maintenance.,"['c', 'e']",,,,
pe-02,030,What is the AWS service that provides you the highest level of control over the underlying virtual infrastructure?,Amazon Redshift.,Amazon DynamoDB.,Amazon EC2.,Amazon RDS.,,['c'],,,,
pe-02,031,What are the default security credentials that are required to access the AWS management console for an IAM user account?,MFA.,Security tokens.,A user name and password.,Access keys.,,['c'],,,,
pe-02,032,"In your on-premises environment, you can create as many virtual servers as you need from a single template. What can you use to perform the same in AWS?",IAM.,An internet gateway.,EBS Snapshot.,AMI.,,['d'],,,,
pe-02,033,What are two advantages of using Cloud Computing over using traditional data centers? (Choose TWO),Reserved Compute capacity.,Eliminating Single Points of Failure (SPOFs).,Distributed infrastructure.,Virtualized compute resources.,Dedicated hosting.,"['b', 'c']",,,,
pe-02,034,Which of the following aspects of security are managed by AWS? (Choose TWO),Encryption of EBS volumes.,VPC security.,Access permissions.,Hardware patching.,Securing global physical infrastructure.,"['d', 'e']",,,,
pe-02,035,Which statement best describes the operational excellence pillar of the AWS Well-Architected Framework?,The ability of a system to recover gracefully from failure.,The efficient use of computing resources to meet requirements.,The ability to monitor systems and improve supporting processes and procedures.,The ability to manage datacenter operations more efficiently.,,['c'],,,,
pe-02,036,AWS has created a large number of Edge Locations as part of its Global Infrastructure. Which of the following is NOT a benefit of using Edge Locations?,Edge locations are used by CloudFront to cache the most recent responses.,Edge locations are used by CloudFront to improve your end users’ experience when uploading files.,Edge locations are used by CloudFront to distribute traffic across multiple instances to reduce latency.,Edge locations are used by CloudFront to distribute content to global users with low latency.,,['c'],,,,
pe-02,037,What are the change management tools that helps AWS customers audit and monitor all resource changes in their AWS environment? (Choose TWO),AWS CloudTrail.,Amazon Comprehend.,AWS Transit Gateway.,AWS X-Ray.,AWS Config.,"['a', 'e']",,,,
pe-02,038,Which of the following services allows you to run containerized applications on a cluster of EC2 instances?,Amazon ECS.,AWS Data Pipeline.,AWS Cloud9.,AWS Personal Health Dashboard.,,['a'],,,,
pe-02,039,Which of the following services will help businesses ensure compliance in AWS?,CloudFront.,CloudEndure Migration.,CloudWatch.,CloudTrail.,,['d'],,,,
pe-02,040,Which of the following procedures will help reduce your Amazon S3 costs?,Use the Import/Export feature to move old files automatically to Amazon Glacier.,Use the right combination of storage classes based on different use cases.,Pick the right Availability Zone for your S3 bucket.,Move all the data stored in S3 standard to EBS.,,['b'],,,,
pe-02,041,What are the AWS services/features that can help you maintain a highly available and fault-tolerant architecture in AWS? (Choose TWO),AWS Direct Connect.,Amazon EC2 Auto Scaling.,Elastic Load Balancer.,CloudFormation.,Network ACLs.,"['b', 'c']",,,,
pe-02,042,Which of the following activities may help reduce your AWS monthly costs?,Enabling Amazon EC2 Auto Scaling for all of your workloads.,Using the AWS Network Load Balancer (NLB) to load balance the incoming HTTP requests.,Removing all of your Cost Allocation Tags.,Deploying your AWS resources across multiple Availability Zones.,,['a'],,,,
pe-02,043,What is the AWS service/feature that takes advantage of Amazon CloudFront’s globally distributed edge locations to transfer files to S3 with higher upload speeds?,S3 Transfer Acceleration.,AWS WAF.,AWS Snowmobile.,AWS Snowball.,,['a'],,,,
pe-02,044,Which of the following AWS security features is associated with an EC2 instance and functions to filter incoming traffic requests?,AWS X-Ray.,Network ACL.,Security Groups.,VPC Flow logs.,,['c'],,,,
pe-02,045,Which AWS services can be used to improve the performance of a global application and reduce latency for its users? (Choose TWO),AWS KMS.,AWS Global accelerator.,AWS Direct Connect.,AWS Glue.,Amazon CloudFront.,"['b', 'e']",,,,
pe-02,046,Using Amazon RDS falls under the shared responsibility model. Which of the following are customer responsibilities? (Choose TWO),Building the relational database schema.,Performing backups.,Managing the database settings.,Patching the database software.,Installing the database software.,"['a', 'c']",,,,
pe-02,047,"A company has a large amount of structured data stored in their on-premises data center. They are planning to migrate all the data to AWS, what is the most appropriate AWS database option?",Amazon DynamoDB.,Amazon SNS.,Amazon RDS.,Amazon ElastiCache.,,['c'],,,,
pe-02,048,A company has created a solution that helps AWS customers improve their architectures on AWS. Which AWS program may support this company?,APN Consulting Partners.,AWS TAM.,APN Technology Partners.,AWS Professional Services.,,['a'],,,,
pe-02,049,What is the AWS serverless service that allows you to run your applications without any administrative burden?,Amazon LightSail.,AWS Lambda.,Amazon RDS instances.,Amazon EC2 instances.,,['b'],,,,
pe-02,050,"Jessica is managing an e-commerce web application in AWS. The application is hosted on six EC2 instances. One day, three of the instances crashed; but none of her customers were affected. What has Jessica done correctly in this scenario?",She has properly built an elastic system.,She has properly built a fault tolerant system.,She has properly built an encrypted system.,She has properly built a scalable system.,,['b'],,,,
pe-03,001,Where can you store files in AWS? (Choose TWO),Amazon EFS.,Amazon SNS.,Amazon EBS.,Amazon ECS.,Amazon EMR.,"['a', 'c']",,,,
pe-03,002,Which AWS service can be used to store and reliably deliver messages across distributed systems?,Amazon Simple Queue Service.,AWS Storage Gateway.,Amazon Simple Email Service.,Amazon Simple Storage Service.,,['a'],,,,
pe-03,003,Which of the following describes the payment model that AWS makes available for customers that can commit to using Amazon EC2 over a one or 3-year term to reduce their total computing costs?,Pay less as AWS grows.,Pay as you go.,Pay less by using more.,Save when you reserve.,,['d'],,,,
pe-03,004,A company is migrating its on-premises database to Amazon RDS. What should the company do to ensure Amazon RDS costs are kept to a minimum?,Right-size before and after migration.,Use a Multi-Region Active-Passive architecture.,Combine On-demand Capacity Reservations with Saving Plans.,Use a Multi-Region Active-Active architecture.,,['a'],,,,
pe-03,005,What is the primary storage service used by Amazon RDS database instances?,Amazon Glacier.,Amazon EBS.,Amazon EFS.,Amazon S3.,,['b'],,,,
pe-03,006,A company is developing a new application using a microservices framework. The new application is having performance and latency issues. Which AWS Service should be used to troubleshoot these issues?,AWS CodePipeline.,AWS X-Ray.,Amazon Inspector.,AWS CloudTrail.,,['b'],,,,
pe-03,007,Which of the following AWS services is designed with native Multi-AZ fault tolerance in mind? (Choose TWO),Amazon Redshift.,AWS Snowball.,Amazon Simple Storage Service.,Amazon EBS.,Amazon DynamoDB.,"['c', 'e']",,,,
pe-03,008,What are the Amazon RDS features that can be used to improve the availability of your database? (Choose TWO),AWS Regions.,Multi-AZ Deployment.,Automatic patching.,Read Replicas.,Edge Locations.,"['b', 'd']",,,,
pe-03,009,"Sarah has deployed an application in the Northern California (us-west-1) region. After examining the application’s traffic, she notices that about 30% of the traffic is coming from Asia. What can she do to reduce latency for the users in Asia?",Replicate the current resources across multiple Availability Zones within the same region.,Migrate the application to a hosting provider in Asia.,Recreate the website content.,"Create a CDN using CloudFront, so that content is cached at Edge Locations close to and in Asia.",,['d'],,,,
pe-03,010,An organization runs many systems and uses many AWS products. Which of the following services enables them to control how each developer interacts with these products?,AWS Identity and Access Management.,Amazon RDS.,Network Access Control Lists.,Amazon EMR.,,['a'],,,,
pe-03,011,Using Amazon EC2 falls under which of the following cloud computing models?,Iaas & SaaS.,IaaS.,SaaS.,PaaS.,,['b'],,,,
pe-03,012,Which of the below is a best-practice when building applications on AWS?,Strengthen physical security by applying the principle of least privilege.,Ensure that the application runs on hardware from trusted vendors.,Use IAM policies to maintain performance.,Decouple the components of the application so that they run independently.,,['d'],,,,
pe-03,013,Your company is designing a new application that will store and retrieve photos and videos. Which of the following services should you recommend as the underlying storage mechanism?,Amazon EBS.,Amazon SQS.,Amazon Instance store.,Amazon S3.,,['d'],,,,
pe-03,014,Amazon Glacier is an Amazon S3 storage class that is suitable for storing [...] & [...]. (Choose TWO),Active archives.,Dynamic websites’ assets.,Long-term analytic data.,Active databases.,Cached data.,"['a', 'c']",,,,
pe-03,015,What does Amazon Elastic Beanstalk provide?,A PaaS solution to automate application deployment.,A compute engine for Amazon ECS.,A scalable file storage solution for use with AWS and on-premises servers.,A NoSQL database service.,,['a'],,,,
pe-03,016,What is the AWS service that performs automated network assessments of Amazon EC2 instances to check for vulnerabilities?,Amazon Kinesis.,Security groups.,Amazon Inspector.,AWS Network Access Control Lists.,,['c'],,,,
pe-03,017,"Under the Shared Responsibility Model, which of the following controls do customers fully inherit from AWS? (Choose TWO)",Patch management controls.,Database controls.,Awareness & Training.,Environmental controls.,Physical controls.,"['d', 'e']",,,,
pe-03,018,A company needs to host a database in Amazon RDS for at least three years. Which of the following options would be the most cost-effective solution?,Reserved instances     - No Upfront.,Reserved instances     - Partial Upfront.,On-Demand instances.,Spot Instances.,,['b'],,,,
pe-03,019,"Your application has recently experienced significant global growth, and international users are complaining of high latency. What is the AWS characteristic that can help improve your international users’ experience?",Elasticity.,Global reach.,Data durability.,High availability.,,['b'],,,,
pe-03,020,Savings Plans are available for which of the following AWS compute services? (Choose TWO),AWS Batch.,AWS Outposts.,Amazon Lightsail.,Amazon EC2.,AWS Lambda.,"['d', 'e']",,,,
pe-03,021,A company has business critical workloads hosted on AWS and they are unwilling to accept any downtime. Which of the following is a recommended best practice to protect their workloads in the event of an unexpected natural disaster?,Replicate data across multiple Edge Locations worldwide and use Amazon CloudFront to perform automatic failover in the event of an outage.,Deploy AWS resources across multiple Availability Zones within the same AWS Region.,Create point-in-time backups in another subnet and recover this data when a disaster occurs.,Deploy AWS resources to another AWS Region and implement an Active-Active disaster recovery strategy.,,['d'],,,,
pe-03,022,Which statement is correct with regards to AWS service limits? (Choose TWO),You can contact AWS support to increase the service limits.,Each IAM user has the same service limit.,There are no service limits on AWS.,You can use the AWS Trusted Advisor to monitor your service limits.,The Amazon Simple Email Service is responsible for sending email notifications when usage approaches a service limit.,"['a', 'd']",,,,
pe-03,023,What is the AWS tool that enables you to use scripts to manage all AWS services and resources?,AWS Console.,AWS Service Catalog.,AWS OpsWorks.,AWS CLI.,,['d'],,,,
pe-03,024,What are the connectivity options that can be used to build hybrid cloud architectures? (Choose TWO),AWS Artifact.,AWS Cloud9.,AWS Direct Connect.,AWS CloudTrail.,AWS VPN.,"['c', 'e']",,,,
pe-03,025,A company has deployed a new web application on multiple Amazon EC2 instances. Which of the following should they use to ensure that the incoming HTTP traffic is distributed evenly across the instances?,AWS EC2 Auto Recovery.,AWS Auto Scaling.,AWS Network Load Balancer.,AWS Application Load Balancer.,,['d'],,,,
pe-03,026,Which of the following AWS offerings is a MySQL-compatible relational database service that can scale capacity automatically based on demand?,Amazon Neptune.,Amazon Aurora.,Amazon RDS for SQL Server.,Amazon RDS for PostgreSQL.,,['b'],,,,
pe-03,027,Which of the following can help protect your EC2 instances from DDoS attacks? (Choose TWO),AWS CloudHSM.,Security Groups.,AWS Batch.,AWS IAM.,Network Access Control Lists (Network ACLs).,"['b', 'e']",,,,
pe-03,028,What is the AWS data warehouse service that supports a high level of query performance on large amounts of datasets?,Amazon Redshift.,Amazon Kinesis.,Amazon DynamoDB.,Amazon RDS.,,['a'],,,,
pe-03,029,Which of the following should be considered when performing a TCO analysis to compare the costs of running an application on AWS instead of on-premises?,Application development.,Market research.,Business analysis.,Physical hardware.,,['d'],,,,
pe-03,030,How are AWS customers billed for Linux-based Amazon EC2 usage?,"EC2 instances will be billed on one second increments, with a minimum of one minute.","EC2 instances will be billed on one hour increments, with a minimum of one day.","EC2 instances will be billed on one minute increments, with a minimum of one hour.","EC2 instances will be billed on one day increments, with a minimum of one month.",,['a'],,,,
pe-03,031,Which of the following will impact the price paid for an EC2 instance? (Choose TWO),Instance type.,The Availability Zone where the instance is provisioned.,Load balancing.,Number of buckets.,Number of private IPs.,"['a', 'b']",,,,
pe-03,032,"A customer spent a lot of time configuring a newly deployed Amazon EC2 instance. After the workload increases, the customer decides to provision another EC2 instance with an identical configuration. How can the customer achieve this?",By creating an AWS Config template from the old instance and launching a new instance from it.,By creating an EBS Snapshot of the old instance.,By installing Aurora on EC2 and launching a new instance from it.,By creating an AMI from the old instance and launching a new instance from it.,,['d'],,,,
pe-03,033,A company uses AWS Organizations to manage all of its AWS accounts. Which of the following allows the company to restrict what services and actions are allowed in each individual account?,IAM Principals.,AWS Service Control Policies (SCPs).,IAM policies.,AWS Fargate.,,['b'],,,,
pe-03,034,Which of the following statements describes the AWS Cloud’s agility?,AWS allows you to host your applications in multiple regions around the world.,AWS provides customizable hardware at the lowest possible cost.,AWS allows you to provision resources in minutes.,AWS allows you to pay upfront to reduce costs.,,['c'],,,,
pe-03,035,What are the benefits of using the Amazon Relational Database Service? (Choose TWO),Lower administrative burden.,Complete control over the underlying host.,Resizable compute capacity.,Scales automatically to larger or smaller instance types.,Supports the document and key-value data structure.,"['a', 'c']",,,,
pe-03,036,What is the connectivity option that uses Internet Protocol Security (IPSec) to establish encrypted connectivity between an on-premises network and the AWS Cloud?,Internet Gateway.,AWS IQ.,AWS Direct Connect.,AWS Site-to-Site VPN.,,['d'],,,,
pe-03,037,What is the minimum level of AWS support that provides 24x7 access to technical support engineers via phone and chat?,Enterprise Support.,Developer Support.,Basic Support.,Business Support.,,['d'],,,,
pe-03,038,Which of the following is used to control network traffic in AWS? (Choose TWO),Network Access Control Lists (NACLs).,Key Pairs.,Access Keys.,IAM Policies.,Security Groups.,"['a', 'e']",,,,
pe-03,039,A company has developed a media transcoding application in AWS. The application is designed to recover quickly from hardware failures. Which one of the following types of instance would be the most cost-effective choice to use?,Reserved instances.,Spot Instances.,On-Demand instances.,Dedicated instances.,,['b'],,,,
pe-03,040,Which AWS Service provides the current status of all AWS Services in all AWS Regions?,AWS Service Health Dashboard.,AWS Management Console.,Amazon CloudWatch.,AWS Personal Health Dashboard.,,['a'],,,,
pe-03,041,Which AWS service or feature can be used to call AWS Services from different programming languages?,AWS Software Development Kit.,AWS Command Line Interface.,AWS CodeDeploy.,AWS Management Console.,,['a'],,,,
pe-03,042,Which AWS Service can be used to register a new domain name?,Amazon Personalize.,Amazon Route 53.,AWS KMS.,AWS Config.,,['b'],,,,
pe-03,043,"App development companies move their business to AWS to reduce time-to-market and improve customer satisfaction, what are the AWS automation tools that help them deploy their applications faster? (Choose TWO)",AWS CloudFormation.,AWS Migration Hub.,AWS IAM.,AWS Elastic Beanstalk.,Amazon Macie.,"['a', 'd']",,,,
pe-03,044,Which AWS service provides cost-optimization recommendations?,AWS Trusted Advisor.,AWS Pricing Calculator.,Amazon QuickSight.,AWS X-Ray.,,['a'],,,,
pe-03,045,A company has hundreds of VPCs in multiple AWS Regions worldwide. What service does AWS offer to simplify the connection management among the VPCs?,VPC Peering.,AWS Transit Gateway.,Amazon Connect.,Security Groups.,,['b'],,,,
pe-03,046,What is one benefit and one drawback of buying a reserved EC2 instance? (Select TWO),Instances can be shut down by AWS at any time with no notification.,Reserved instances require at least a one-year pricing commitment.,There is no additional charge for using dedicated instances.,Reserved instances provide a significant discount compared to on-demand instances.,Reserved instances are best suited for periodic workloads.,"['b', 'd']",,,,
pe-03,047,Why does every AWS Region contain multiple Availability Zones?,Multiple Availability Zones allows you to build resilient and highly available architectures.,Multiple Availability Zones results in lower total cost compared to deploying in a single Availability Zone.,Multiple Availability Zones allows for data replication and global reach.,Multiple Availability Zones within a region increases the storage capacity available in that region.,,['a'],,,,
pe-03,048,What is the most cost-effective purchasing option for running a set of EC2 instances that must always be available for a period of two months?,On-Demand Instances.,Spot Instances.,Reserved Instances     - All Upfront.,Reserved Instances     - No Upfront.,,['a'],,,,
pe-03,049,Which of the following is a benefit of running an application in multiple Availability Zones?,Allows you to exceed AWS service limits.,Reduces application response time between servers and global users.,Increases available compute capacity.,Increases the availability of your application.,,['d'],,,,
pe-03,050,Data security is one of the top priorities of AWS. How does AWS deal with old storage devices that have reached the end of their useful life?,AWS sells the old devices to other hosting providers.,AWS destroys the old devices in accordance with industry-standard practices.,AWS sends the old devices for remanufacturing.,AWS stores the old devices in a secure place.,,['b'],,,,
pe-04,001,A developer needs to set up an SSL security certificate for a client's eCommerce website in order to use the HTTPS protocol. Which of the following AWS services can be used to deploy the required SSL server certificates? (Choose TWO),Amazon Route 53.,AWS ACM.,AWS Directory Service.,AWS Identity & Access Management.,AWS Data Pipeline.,"['a', 'b']",,,,
pe-04,002,Which of the following AWS services scale automatically without your intervention? (Choose TWO),Amazon EC2.,Amazon S3.,AWS Lambda.,Amazon EMR.,Amazon EBS.,"['b', 'c']",,,,
pe-04,003,A company is planning to migrate an application from Amazon EC2 to AWS Lambda to use a serverless architecture. Which of the following will be the responsibility of AWS after migration? (Choose TWO),Application management.,Capacity management.,Access control.,Operating system maintenance.,Data management.,"['b', 'd']",,,,
pe-04,004,How do ELBs improve the reliability of your application?,By distributing traffic across multiple S3 buckets.,By replicating data to multiple availability zones.,By creating database Read Replicas.,By ensuring that only healthy targets receive traffic.,,['d'],,,,
pe-04,005,"A company needs to migrate their website from on-premises to AWS. Security is a major concern for them, so they need to host their website on hardware that is NOT shared with other AWS customers. Which of the following EC2 instance options meets this requirement?",On-demand instances.,Spot instances.,Dedicated instances.,Reserved instances.,,['c'],,,,
pe-04,006,A customer is planning to move billions of images and videos to be stored on Amazon S3. The customer has approximately 60 Petabytes of data to move. Which of the following AWS Services is the best choice to transfer the data to AWS?,Snowball.,S3 Transfer Acceleration.,Snowmobile.,Amazon VPC.,,['c'],,,,
pe-04,007,A company plans to migrate a large amount of archived data to AWS. The archived data must be maintained for a period of 5 years and must be retrievable within 5 hours of a request. What is the most cost-effective AWS storage service to use?,Amazon S3 Glacier.,Amazon EFS.,Amazon S3 Standard.,Amazon EBS.,,['a'],,,,
pe-04,008,Which AWS Service is used to manage user permissions?,Security Groups.,Amazon ECS.,AWS IAM.,AWS Support.,,['c'],,,,
pe-04,009,Which support plan includes AWS Support Concierge Service?,Premium Support.,Business Support.,Enterprise Support.,Standard Support.,,['c'],,,,
pe-04,010,A company needs to track resource changes using the API call history. Which AWS service can help the company achieve this goal?,AWS Config.,Amazon CloudWatch.,AWS CloudTrail.,AWS CloudFormation.,,['c'],,,,
pe-04,011,What are the benefits of using an AWS-managed service? (Choose TWO),Provides complete control over the virtual infrastructure.,Allows customers to deliver new solutions faster.,Lowers operational complexity.,Eliminates the need to encrypt data.,Allows developers to control all patching related activities.,"['b', 'c']",,,,
pe-04,012,Which of the following are use cases for Amazon S3? (Choose TWO),Hosting static websites.,Hosting websites that require sustained high CPU utilization.,Cost-effective database and log storage.,A media store for the CloudFront service.,Processing data streams at any scale.,"['a', 'd']",,,,
pe-04,013,What is the AWS’ recommendation regarding access keys?,Delete all access keys and use passwords instead.,Only share them with trusted people.,Rotate them regularly.,Save them within your application code.,,['c'],,,,
pe-04,014,What is the AWS IAM feature that provides an additional layer of security on top of user-name and password authentication?,Key Pair.,Access Keys.,SDK.,MFA.,,['d'],,,,
pe-04,015,What is the benefit of using an API to access AWS Services?,It improves the performance of AWS resources.,It reduces the time needed to provision AWS resources.,It reduces the number of developers necessary.,It allows for programmatic management of AWS resources.,,['d'],,,,
pe-04,016,A company is planning to migrate a database with high read/write activity to AWS. What is the best storage option to use?,AWS Storage Gateway.,Amazon S3.,Amazon EBS.,Amazon Glacier.,,['c'],,,,
pe-04,017,How can AWS customers track and avoid over-spending on underutilized reserved instances?,"Customers can add all AWS accounts to an AWS Organization, enable Consolidated Billing, and turn off Reserved Instance sharing.","Customers can use Amazon Neptune to track and analyze their usage patterns, detect underutilized reserved instances, and then sell them on the Amazon EC2 Reserved Instance Marketplace.",Customers can use the AWS Budgets service to track the reserved instances usage and set up alert notifications when their utilization drops below the threshold that they define.,Customers can use Amazon CloudTrail to automatically check for unused reservations and get recommendations to reduce their bill.,,['c'],,,,
pe-04,018,What is the AWS service that provides five times the performance of a standard MySQL database?,Amazon Aurora.,Amazon Redshift.,Amazon DynamoDB.,Amazon Neptune.,,['a'],,,,
pe-04,019,What does AWS Service Catalog provide?,It enables customers to quickly find descriptions and use cases for AWS services.,It enables customers to explore the different catalogs of AWS services.,It simplifies organizing and governing commonly deployed IT services.,It allows developers to deploy infrastructure on AWS using familiar programming languages.,,['c'],,,,
pe-04,020,"For managed services like Amazon DynamoDB, which of the below is AWS responsible for? (Choose TWO)",Protecting credentials.,Logging access activity.,Patching the database software.,Operating system maintenance.,Creating access policies.,"['c', 'd']",,,,
pe-04,021,Which of the following AWS Services helps with planning application migration to the AWS Cloud?,AWS Snowball Migration Service.,AWS Application Discovery Service.,AWS DMS.,AWS Migration Hub.,,['b'],,,,
pe-04,022,A company is trying to analyze the costs applied to their AWS account recently. Which of the following provides them the most granular data about their AWS costs and usage?,Amazon Machine Image.,AWS Cost Explorer.,AWS Cost & Usage Report.,Amazon CloudWatch.,,['c'],,,,
pe-04,023,Which statement best describes the concept of an AWS region?,An AWS Region is a geographical location with a collection of Edge locations.,An AWS Region is a virtual network dedicated only to a single AWS customer.,An AWS Region is a geographical location with a collection of Availability Zones.,An AWS Region represents the country where the AWS infrastructure exist.,,['c'],,,,
pe-04,024,"A company has discovered that multiple S3 buckets were deleted, but it is unclear who deleted the buckets. Which of the following can the company use to determine the identity that deleted the buckets?",SNS logs.,SQS logs.,CloudWatch Logs.,CloudTrail logs.,,['d'],,,,
pe-04,025,Which of the following are factors in determining the appropriate database technology to use for a specific workload? (Choose TWO),Availability Zones.,Data sovereignty.,The number of reads and writes per second.,The nature of the queries.,Software bugs.,"['c', 'd']",,,,
pe-04,026,What are the benefits of implementing a tagging strategy for AWS resources? (Choose TWO),Quickly identify resources that belong to a specific project.,Quickly identify software solutions on AWS.,Track API calls in your AWS account.,Quickly identify deleted resources and their metadata.,Track AWS spending across multiple resources.,"['a', 'e']",,,,
pe-04,027,What are AWS shared controls?,Controls that are solely the responsibility of the customer based on the application they are deploying within AWS services.,Controls that a customer inherits from AWS.,Controls that apply to both the infrastructure layer and customer layers.,Controls that the customer and AWS collaborate together upon to secure the infrastructure.,,['d'],,,,
pe-04,028,Which design principles relate to performance efficiency in AWS? (Choose TWO),Build multi-region architectures to better serve global customers.,Apply security at all layers.,Implement strong Identity and Access controls.,Use serverless architectures.,Enable audit logging.,"['a', 'd']",,,,
pe-04,029,Which of the below are responsibilities of the customer when using Amazon EC2? (Choose TWO),Protecting sensitive data.,Patching of the underlying infrastructure.,Setup and operation of managed databases.,Maintaining consistent hardware components.,Installing and configuring third-party software.,"['a', 'e']",,,,
pe-04,030,Why would an organization decide to use AWS over an on-premises data center? (Choose TWO),Free commercial software licenses.,Free technical support.,Elastic resources.,On-site visits for auditing.,Cost Savings.,"['c', 'e']",,,,
pe-04,031,Which of the following AWS services can help you perform security analysis and regulatory compliance auditing? (Choose TWO),Amazon Inspector.,AWS Virtual Private Gateway.,AWS Batch.,Amazon ECS.,AWS Config.,"['a', 'e']",,,,
pe-04,032,Which of the following is NOT a characteristic of Amazon Elastic Compute Cloud (Amazon EC2)?,Amazon EC2 is considered a Serverless Web Service.,Amazon EC2 eliminates the need to invest in hardware upfront.,Amazon EC2 can launch as many or as few virtual servers as needed.,Amazon EC2 offers scalable computing.,,['a'],,,,
pe-04,033,What is the AWS Compute service that executes code only when triggered by events?,AWS Lambda.,Amazon CloudWatch.,AWS Transit Gateway.,Amazon EC2.,,['a'],,,,
pe-04,034,Both AWS and traditional IT distributors provide a wide range of virtual servers to meet their customers’ requirements. What is the name of these virtual servers in AWS?,Amazon EBS Snapshots.,Amazon VPC.,AWS Managed Servers.,Amazon EC2 Instances.,,['d'],,,,
pe-04,035,What is the framework created by AWS Professional Services that helps organizations design a road map to successful cloud adoption?,AWS Secrets Manager.,AWS WAF.,AWS CAF.,Amazon EFS.,,['c'],,,,
pe-04,036,TYMO Cloud Corp is looking forward to migrating their entire on-premises data center to AWS. What tool can they use to perform a cost-benefit analysis of moving to the AWS Cloud?,AWS Cost Explorer.,AWS TCO Calculator.,AWS Budgets.,AWS Pricing Calculator.,,['b'],,,,
pe-04,037,Which of the following activities supports the Operational Excellence pillar of the AWS Well-Architected Framework?,Using AWS Trusted Advisor to find underutilized resources.,Using AWS CloudTrail to record user activities.,Using AWS CloudFormation to manage infrastructure as code.,Deploying an application in multiple Availability Zones.,,['c'],,,,
pe-04,038,Why do many startup companies prefer AWS over traditional on-premises solutions? (Choose TWO),AWS allows them to pay later when their business succeed.,AWS can build complete data centers faster than any other Cloud provider.,"Using AWS, they can reduce time-to-market by focusing on business activities rather than on building and managing data centers.",AWS removes the need to invest in operational expenditure.,Using AWS allows companies to replace large capital expenditure with low variable costs.,"['c', 'e']",,,,
pe-04,039,What are the benefits of using DynamoDB? (Choose TWO),Automatically scales to meet required throughput capacity.,Provides resizable instances to match the current demand.,Supports both relational and non-relational data models.,Offers extremely low (single-digit millisecond) latency.,Supports the most popular NoSQL database engines such as CouchDB and MongoDB.,"['a', 'd']",,,,
pe-04,040,Which of the following can be used to protect data at rest on Amazon S3? (Choose TWO),Versioning.,Deduplication.,Permissions.,Decryption.,Conversion.,"['a', 'c']",,,,
pe-04,041,"As part of the AWS Migration Acceleration Program (MAP), what does AWS provide to accelerate Enterprise adoption of AWS? (Choose TWO)",AWS Partners.,AWS Artifact.,AWS Professional Services.,Amazon Athena.,Amazon PinPoint.,"['a', 'c']",,,,
pe-04,042,AWS recommends some practices to help organizations avoid unexpected charges on their bill. Which of the following is NOT one of these practices?,Deleting unused EBS volumes after terminating an EC2instance.,Deleting unused AutoScaling launch configuration.,Deleting unused Elastic Load Balancers.,Releasing unused Elastic IPs after terminating an EC2instance.,,['b'],,,,
pe-04,043,What is the AWS tool that can help a company visualize their AWS spending in the last few months?,AWS Cost Explorer.,AWS Pricing Calculator.,AWS Budgets.,AWS Consolidated Billing.,,['a'],,,,
pe-04,044,"When running a workload in AWS, the customer is NOT responsible for: (Select TWO)",Running penetration tests.,Reserving capacity.,Data center operations.,Auditing and regulatory compliance.,Infrastructure security.,"['c', 'e']",,,,
pe-04,045,Which AWS service can be used to send promotional text messages (SMS) to more than 200 countries worldwide?,Amazon Simple Email Service (Amazon SES).,Amazon Simple Storage Service (Amazon S3).,Amazon Simple Notification Service (Amazon SNS).,Amazon Simple Queue Service (Amazon SQS).,,['c'],,,,
pe-04,046,Which of the following allows you to create new RDS instances? (Choose TWO),AWS CodeDeploy.,AWS Quick Starts.,AWS CloudFormation.,AWS DMS.,AWS Management Console.,"['c', 'e']",,,,
pe-04,047,One of the major advantages of using AWS is cost savings. What does AWS provide to reduce the cost of running Amazon EC2 instances?,Low monthly instance maintenance costs.,Low-cost instance tagging.,Per-second instance billing.,Low instance start-up fees.,,['c'],,,,
pe-04,048,Which AWS Group assists customers in achieving their desired business outcomes?,AWS Security Team.,AWS Professional Services.,AWS Trusted Advisor.,AWS Concierge Support Team.,,['b'],,,,
pe-04,049,Which AWS service or feature is used to manage the keys used to encrypt customer data?,AWS KMS.,AWS Service Control Policies (SCPs).,Multi-Factor Authentication (MFA).,Amazon Macie.,,['a'],,,,
pe-04,050,Which AWS Service allows customers to download AWS SOC & PCI reports?,AWS Well-Architected Tool.,AWS Artifact.,AWS Glue.,Amazon Chime.,,['b'],,,,
pe-05,001,"A company is using EC2 Instances to run their e-commerce site on the AWS platform. If the site becomes unavailable, the company will lose a significant amount of money for each minute the site is unavailable. Which design principle should the company use to minimize the risk of an outage?",Least Privilege.,Pilot Light.,Fault Tolerance.,Multi-threading.,,['c'],,,,
pe-05,002,You decide to buy a reserved instance for a term of one year. Which option provides the largest total discount?,All up-front reservation.,All reserved instance payment options provide the same discount level.,Partial up-front reservation.,No up-front reservation.,,['a'],,,,
pe-05,003,What features does AWS offer to help protect your data in the Cloud? (Choose TWO),Access control.,Physical MFA devices.,Data encryption.,Unlimited storage.,Load balancing.,"['a', 'c']",,,,
pe-05,004,"An AWS customer has used one Amazon Linux instance for 2 hours, 5 minutes and 9 seconds, and one CentOS instance for 4 hours, 23 minutes and 7 seconds. How much time will the customer be billed for?",3 hours for the Linux instance and 5 hours for the CentOS instance.,"2 hours, 5 minutes and 9 seconds for the Linux instance and 4 hours, 23 minutes and 7 seconds for the CentOS instance.","2 hours, 5 minutes and 9 seconds for the Linux instance and 5 hours for the CentOS instance.","3 hours for the Linux instance and 4 hours, 23 minutes and 7 seconds for the CentOS instance.",,['c'],"- Pricing is per instance-hour consumed for each instance, from the time an instance is launched until it is terminated or stopped.",,,
pe-05,005,What is the AWS Support feature that allows customers to manage support cases programmatically?,AWS Trusted Advisor.,AWS Operations Support.,AWS Support API.,AWS Personal Health Dashboard.,,['c'],,,,
pe-05,006,Which methods can be used by customers to interact with AWS Identity and Access Management (IAM)? (Choose TWO),AWS CLI.,AWS Security Groups.,AWS SDKs.,AWS Network Access Control Lists.,AWS CodeCommit.,"['a', 'c']",,,,
pe-05,007,Which of the following are types of AWS Identity and Access Management (IAM) identities? (Choose TWO),AWS Resource Groups.,IAM Policies.,IAM Roles.,IAM Users.,AWS Organizations.,"['c', 'd']",,,,
pe-05,008,Which of the following Amazon RDS features facilitates offloading of database read activity?,Database Snapshots.,Multi-AZ Deployments.,Automated Backups.,Read Replicas.,,['d'],,,,
pe-05,009,How does AWS notify customers about security and privacy events pertaining to AWS services?,Using the AWS ACM service.,Using Security Bulletins.,Using the AWS Management Console.,Using Compliance Resources.,,['b'],,,,
pe-05,010,Which IAM entity can best be used to grant temporary access to your AWS resources?,IAM Users.,Key Pair.,IAM Roles.,IAM Groups.,,['c'],,,,
pe-05,011,"A company has a web application that is hosted on a single EC2 instance and is approaching 100 percent CPU Utilization during peak loads. Rather than scaling the server vertically, the company has decided to deploy three Amazon EC2 instances in parallel and to distribute traffic across the three servers. What AWS Service should the company use to distribute the traffic evenly?",AWS Global Accelerator.,AWS Application Load Balancer (ALB).,Amazon CloudFront.,Transit VPC.,,['b'],,,,
pe-05,012,Which of the following approaches will help you eliminate human error and automate the process of creating and updating your AWS environment?,Use Software test automation tools.,Use AWS CodeDeploy to build and automate your AWS environment.,Use code to provision and operate your AWS infrastructure.,Migrate all of your applications to a dedicated host.,,['c'],,,,
pe-05,013,A company is seeking to better secure its AWS account from unauthorized access. Which of the below options can the customer use to achieve this goal?,Restrict any API call made through SDKs or CLI.,"Create one IAM account for each department in the company (Development, QA, Production), and share it across all staff in that department.",Require Multi-Factor Authentication (MFA) for all IAM User access.,Set up two login passwords.,,['c'],,,,
pe-05,014,Which AWS Service offers volume discounts based on usage?,Amazon VPC.,Amazon S3.,Amazon Lightsail.,AWS Cost Explorer.,,['b'],,,,
pe-05,015,Which of the following factors should be considered when determining the region in which AWS Resources will be deployed? (Choose TWO),The AWS Region’s security level.,Data sovereignty.,Cost.,The planned number of VPCs.,Geographic proximity to the company's location.,"['b', 'c']",,,,
pe-05,016,You are running a financial services web application on AWS. The application uses a MySQL database to store the data. Which of the following AWS services would improve the performance of your application by allowing you to retrieve information from fast in-memory caches?,Amazon EFS.,Amazon Neptune.,Amazon ElastiCache.,DAX.,,['c'],,,,
pe-05,017,What are the advantages of using Auto Scaling Groups for EC2 instances?,Auto Scaling Groups caches the most recent responses at global edge locations to reduce latency and improve performance.,Auto Scaling Groups scales EC2 instances in multiple Availability Zones to increase application availability and fault tolerance.,Auto Scaling Groups scales EC2 instances across multiple regions to reduce latency for global users.,Auto Scaling Groups distributes application traffic across multiple Availability Zones to enhance performance.,,['b'],,,,
pe-05,018,The TCO gap between AWS infrastructure and traditional infrastructure has widened over the recent years. Which of the following could be the reason for that?,AWS helps customers invest more in capital expenditures.,"AWS automates all infrastructure operations, so customers save more on human resources costs.",AWS continues to lower the cost of cloud computing for its customers.,AWS secures AWS resources at no additional charge.,,['c'],,,,
pe-05,019,Which of the following are examples of the customer’s responsibility to implement “security IN the cloud”? (Choose TWO),Building a schema for an application.,Replacing physical hardware.,Creating a new hypervisor.,Patch management of the underlying infrastructure.,File system encryption.,"['a', 'e']",,,,
pe-05,020,Which of the following is a type of MFA device that customers can use to protect their AWS resources?,AWS CloudHSM.,U2F Security Key.,AWS Access Keys.,AWS Key Pair.,,['b'],,,,
pe-05,021,A company is seeking to deploy an existing .NET application onto AWS as quickly as possible. Which AWS Service should the customer use to achieve this goal?,Amazon SNS.,AWS Elastic Beanstalk.,AWS Systems Manager.,AWS Trusted Advisor.,,['b'],,,,
pe-05,022,Which of the following is NOT a factor when estimating the costs of Amazon EC2? (Choose TWO),The amount of time the instances will be running.,Number of security groups.,Allocated Elastic IP Addresses.,Number of Hosted Zones.,Number of instances.,"['b', 'd']",,,,
pe-05,023,Which AWS Service helps enterprises extend their on-premises storage to AWS in a cost-effective manner?,AWS Data Pipeline.,AWS Storage Gateway.,Amazon Aurora.,Amazon EFS.,,['b'],,,,
pe-05,024,"A company is building an online cloud storage platform. They need a storage service that can scale capacity automatically, while minimizing cost. Which AWS storage service should the company use to meet these requirements?",Amazon Simple Storage Service.,Amazon Elastic Block Store.,Amazon Elastic Container Service.,AWS Storage Gateway.,,['a'],,,,
pe-05,025,"You have just hired a skilled sys-admin to join your team. As usual, you have created a new IAM user for him to interact with AWS services. On his first day, you ask him to create snapshots of all existing Amazon EBS volumes and save them in a new Amazon S3 bucket. However, the new member reports back that he is unable to create neither EBS snapshots nor S3 buckets. What might prevent him from doing this simple task?",EBS and S3 are accessible only to the root account owner.,The systems administrator must contact AWS Support first to activate his new IAM account.,There is not enough space in S3 to store the snapshots.,There is a non-explicit deny to all new users.,,['d'],,,,
pe-05,026,An external auditor is requesting a log of all accesses to the AWS resources in the company’s account. Which of the following services will provide the auditor with the requested information?,AWS CloudTrail.,Amazon CloudFront.,AWS CloudFormation.,Amazon CloudWatch.,,['a'],,,,
pe-05,027,Which of the below options is true of Amazon Cloud Directory?,Amazon Cloud Directory allows the organization of hierarchies of data across multiple dimensions.,Amazon Cloud Directory enables the analysis of video and data streams in real time.,Amazon Cloud Directory allows users to access AWS with their existing Active Directory credentials.,Amazon Cloud Directory allows for registration and management of domain names.,,['a'],,,,
pe-05,028,"A user has opened a ""Production System Down"" support case to get help from AWS Support after a production system disruption. What is the expected response time for this type of support case?",12 hours.,15 minutes.,24 hours.,One hour.,,['d'],,,,
pe-05,029,Which of the below options is a best practice for making your application on AWS highly available?,Deploy the application to at least two Availability Zones.,Use Elastic Load Balancing (ELB) across multiple AWS Regions.,Deploy the application code on at least two servers in the same Availability Zone.,Rewrite the application code to handle all incoming requests.,,['a'],,,,
pe-05,030,Which of the following should be taken into account when performing a TCO analysis regarding the costs of running an application on AWS VS on-premises? (Choose TWO),Labor and IT costs.,Cooling and power consumption.,Amazon EBS computing power.,Software architecture.,Software compatibility.,"['a', 'b']",,,,
pe-05,031,Your company requires a response time of less than 15 minutes from support interactions about their business-critical systems that are hosted on AWS if those systems go down. Which AWS Support Plan should this company use?,AWS Basic Support.,AWS Developer Support.,AWS Business Support.,AWS Enterprise Support.,,['d'],,,,
pe-05,032,Which of the following AWS offerings are serverless services? (Choose TWO),Amazon EC2.,AWS Lambda.,Amazon DynamoDB.,Amazon EMR.,Amazon RDS.,"['b', 'c']",,,,
pe-05,033,Which AWS service enables you to quickly purchase and deploy SSL/TLS certificates?,Amazon GuardDuty.,AWS ACM.,Amazon Detective.,AWS WAF.,,['b'],,,,
pe-05,034,Which AWS Service provides integration with Chef to automate the configuration of EC2 instances?,AWS Config.,AWS OpsWorks.,AutoScaling.,AWS CloudFormation.,,['b'],,,,
pe-05,035,A customer is seeking to store objects in their AWS environment and to make those objects downloadable over the internet. Which AWS Service can be used to accomplish this?,Amazon EBS.,Amazon EFS.,Amazon S3.,Amazon Instance Store.,,['c'],,,,
pe-05,036,Which of the following services can be used to monitor the HTTP and HTTPS requests that are forwarded to Amazon CloudFront?,AWS WAF.,Amazon CloudWatch.,AWS Cloud9.,AWS CloudTrail.,,['b'],,,,
pe-05,037,A company is migrating a web application to AWS. The application’s compute capacity is continually utilized throughout the year. Which of the below options offers the company the most cost-effective solution?,On-demand Instances.,Dedicated Hosts.,Spot Instances.,Reserved Instances.,,['d'],,,,
pe-05,038,A company wants to grant a new employee long-term access to manage Amazon DynamoDB databases. Which of the following is a recommended best-practice when granting these permissions?,Create an IAM role and attach a policy with Amazon DynamoDB access permissions.,Create an IAM role and attach a policy with Administrator access permissions.,Create an IAM user and attach a policy with Amazon DynamoDB access permissions.,Create an IAM user and attach a policy with Administrator access permissions.,,['c'],,,,
pe-05,039,"When granting permissions to applications running on Amazon EC2 instances, which of the following is considered best practice?",Generate new IAM access keys every time you delegate permissions.,Store the required AWS credentials directly within the application code.,Use temporary security credentials (IAM roles) instead of long-term access keys.,Do nothing; Applications that run on Amazon EC2 instances do not need permission to interact with other AWS services or resources.,,['c'],,,,
pe-05,040,Which of the following will help AWS customers save on costs when migrating their workloads to AWS?,Use servers instead of managed services.,Use existing third-party software licenses on AWS.,Migrate production workloads to AWS edge locations instead of AWS Regions.,Use AWS Outposts to run all workloads in a cost-optimized environment.,,['b'],,,,
pe-05,041,An organization has a legacy application designed using monolithic-based architecture. Which AWS Service can be used to decouple the components of the application?,Amazon SQS.,Virtual Private Gateway.,AWS Artifact.,Amazon CloudFront.,,['a'],,,,
pe-05,042,Which of the following can be used to enable the Virtual Multi-Factor Authentication? (Choose TWO),Amazon Connect.,AWS CLI.,AWS Identity and Access Management (IAM).,Amazon SNS.,Amazon Virtual Private Cloud.,"['b', 'c']",,,,
pe-05,043,"According to best practices, which of the below options is best suited for processing a large number of binary files?",Vertically scaling EC2 instances.,Running RDS instances in parallel.,Vertically scaling RDS instances.,Running EC2 instances in parallel.,,['d'],,,,
pe-05,044,A company is planning to use Amazon S3 and Amazon CloudFront to distribute its video courses globally. What tool can the company use to estimate the costs of these services?,AWS Cost Explorer.,AWS Pricing Calculator.,AWS Budgets.,AWS Cost & Usage Report.,,['b'],,,,
pe-05,045,"What should you do if you see resources, which you don’t remember creating, in the AWS Management Console? (Choose TWO)",Stop all running services and open an investigation.,Give your root account password to AWS Support so that they can assist in troubleshooting and securing the account.,Check the AWS CloudTrail logs and delete all IAM users that have access to your resources.,Open an investigation and delete any potentially compromised IAM users.,Change your AWS root account password and the passwords of any IAM users.,"['d', 'e']",,,,
pe-05,046,A key practice when designing solutions on AWS is to minimize dependencies between components so that the failure of a single component does not impact other components. What is this practice called?,Elastic coupling.,Loosely coupling.,Scalable coupling.,Tightly coupling.,,['b'],,,,
pe-05,047,Which AWS Service offers an NFS file system that can be mounted concurrently from multiple EC2 instances?,Amazon Elastic File System.,Amazon Simple Storage Service.,Amazon Elastic Block Store.,AWS Storage Gateway.,,['a'],,,,
pe-05,048,Availability Zones within a Region are connected over low-latency links. Which of the following is a benefit of these links?,Create private connection to your data center.,Achieve global high availability.,Automate the process of provisioning new compute resources.,Make synchronous replication of your data possible.,,['d'],,,,
pe-05,049,Which of the following are true regarding the languages that are supported on AWS Lambda? (Choose TWO),"Lambda only supports Python and Node.js, but third party plugins are available to convert code in other languages to these formats.","Lambda natively supports a number of programming languages such as Node.js, Python, and Java.",Lambda is AWS’ proprietary programming language for microservices.,Lambda doesn’t support programming languages; it is a serverless compute service.,Lambda can support any programming language using an API.,"['b', 'e']",,,,
pe-05,050,What are the capabilities of AWS X-Ray? (Choose TWO),Automatically decouples application components.,Facilitates tracking of user requests to identify application issues.,Helps improve application performance.,Deploys applications to Amazon EC2 instances.,Deploys applications to on-premises servers.,"['b', 'c']",,,,
pe-06,001,Which of the following is true regarding the AWS availability zones and edge locations?,Edge locations are located in separate Availability Zones worldwide to serve global customers.,An availability zone exists within an edge location to distribute content globally with low latency.,"An Availability Zone is a geographic location where AWS provides multiple, physically separated and isolated edge locations.","An AWS Availability Zone is an isolated location within an AWS Region, however edge locations are located in multiple cities worldwide.",,['d'],,,,
pe-06,002,Which features are included in the AWS Business Support Plan? (Choose TWO),24x7 access to customer service.,Access to Cloud Support Engineers via email only during business hours.,Access to the Infrastructure Event Management (IEM) feature for additional fee.,24x7 access to the TAM feature.,Partial access to the core Trusted Advisor checks.,"['a', 'c']",,,,
pe-06,003,"A company is developing a mobile application and wants to allow users to use their Amazon, Apple, Facebook, or Google identities to authenticate to the application. Which AWS Service should the company use for this purpose?",Amazon GuardDuty.,Amazon Personalize.,Amazon Cognito.,AWS IAM.,,['c'],,,,
pe-06,004,Which AWS Service allows customers to create a template that programmatically defines policies and configurations of all AWS resources as code and so that the same template can be reused among multiple projects?,AWS CloudFormation.,AWS Config.,AWS CloudTrail.,AWS Auto Scaling.,,['a'],,,,
pe-06,005,Which of the following are advantages of using AWS as a cloud computing provider? (Choose TWO),Eliminates the need to monitor servers and applications.,Manages all the compliance and auditing tasks.,Provides custom hardware to meet any specification.,Eliminates the need to guess on infrastructure capacity needs.,Enables customers to trade their capital expenses for operational expenses.,"['d', 'e']",,,,
pe-06,006,A customer is planning to migrate their Microsoft SQL Server databases to AWS. Which AWS Services can the customer use to run their Microsoft SQL Server database on AWS? (Choose TWO),AWS Fargate.,Amazon Elastic Compute Cloud.,Amazon RDS.,AWS Database Migration service (DMS).,AWS Lambda.,"['b', 'c']",,,,
pe-06,007,Which AWS Service can perform health checks on Amazon EC2 instances?,AWS CloudFormation.,Amazon Route 53.,Amazon Chime.,Amazon Aurora.,,['b'],,,,
pe-06,008,A company is developing an application that will leverage facial recognition to automate photo tagging. Which AWS Service should the company use for facial recognition?,Amazon Comprehend.,AWS IAM.,Amazon Polly.,Amazon Rekognition.,,['d'],,,,
pe-06,009,Which of the following are examples of AWS-managed databases? (Choose TWO),Amazon Neptune.,Amazon CloudSearch.,Microsoft SQL Server on Amazon EC2.,MySQL on Amazon EC2.,Amazon RDS for MySQL.,"['a', 'e']",,,,
pe-06,010,"A company’s AWS workflow requires that it periodically perform large-scale image and video processing jobs. The customer is seeking to minimize cost and has stated that the amount of time it takes to process these jobs is not critical, but that cost minimization is the most important factor in designing the solution. Which EC2 instance class is best suited for this processing?",EC2 On-Demand Instances.,EC2 Reserved Instances     - No Upfront.,EC2 Spot Instances.,EC2 Reserved Instances     - All Upfront.,,['c'],,,,
pe-06,011,There is a requirement to grant a DevOps team full administrative access to all resources in an AWS account. Who can grant them these permissions?,AWS account owner.,AWS technical account manager.,AWS security team.,AWS cloud support engineers.,,['a'],,,,
pe-06,012,You need to migrate a large number of on-premises workloads to AWS. Which AWS service is the most appropriate?,AWS File Transfer Acceleration.,AWS Server Migration Service.,AWS Database Migration Service.,AWS Application Discovery Service.,,['b'],,,,
pe-06,013,What are some key benefits of using AWS CloudFormation? (Choose TWO),It helps AWS customers deploy their applications without worrying about the underlying infrastructure.,It applies advanced IAM security features automatically.,It automates the provisioning and updating of your infrastructure in a safe and controlled manner.,It allows you to model your entire infrastructure in just a text file.,It compiles and builds application code in a timely manner.,"['c', 'd']",,,,
pe-06,014,Which of the following is a cloud computing deployment model that connects infrastructure and applications between cloud-based resources and existing resources not located in the cloud?,On-premises.,Mixed.,Hybrid.,Cloud.,,['c'],,,,
pe-06,015,"A company is hosting business critical workloads in an AWS Region. To protect against data loss and ensure business continuity, a mirror image of the current AWS environment should be created in another AWS Region. Company policy requires that the standby environment must be available in minutes in case of an outage in the primary AWS Region. Which AWS service can be used to meet these requirements?",CloudEndure Disaster Recovery.,CloudEndure Migration.,AWS Backup.,AWS Glue.,,['a'],,,,
pe-06,016,Which of the following S3 storage classes is most appropriate to host static assets for a popular e-commerce website with stable access patterns?,S3 Standard-IA.,S3 Intelligent-Tiering.,S3 Glacier Deep Archive.,S3 Standard.,,['d'],,,,
pe-06,017,You want to create a backup of your data in another geographical location. Where should you create this backup?,In another Edge location.,In another Region.,In another VPC.,In another Availability Zone.,,['b'],,,,
pe-06,018,Which statement is true in relation to the security of Amazon EC2?,You should use instance store volumes to store login data.,You should regularly patch the operating system and applications on your EC2 instances.,You should deploy critical components of your application in the Availability Zone that you trust.,You can track all API calls using Amazon Athena.,,['b'],,,,
pe-06,019,What does AWS Cost Explorer provide to help manage your AWS spend?,Cost comparisons between AWS Cloud environments and on-premises environments.,Accurate estimates of AWS service costs based on your expected usage.,Consolidated billing.,Highly accurate cost forecasts for up to 12 months ahead.,,['d'],,,,
pe-06,020,Which of the following is a feature of Amazon RDS that performs automatic failover when the primary database fails to respond?,RDS Single-AZ.,RDS Write Replica.,RDS Snapshots.,RDS Multi-AZ.,,['d'],,,,
pe-06,021,You are using several on-demand EC2 Instances to run your development environment. What is the best way to reduce your charges when these instances are not in use?,Deleting all EBS volumes attached to the instances.,You cannot minimize charges for on-demand instances.,Terminating the instances.,Stopping the instances.,,['d'],,,,
pe-06,022,Which of the following strategies helps protect your AWS root account?,Delete root user access keys if you do not need them.,Apply MFA for the root account and use it for all of your work.,Access the root account only from your personal Mobile Phone.,Only share your AWS account password or access keys with trusted persons.,,['a'],,,,
pe-06,023,Which of the following are factors should be considered for Amazon EBS pricing? (Choose TWO),The size of volumes provisioned per month.,The compute capacity you consume.,The amount of data you have stored in snapshots.,The compute time you consume.,The number of Snowball storage devices you request.,"['a', 'c']",,,,
pe-06,024,You have just set up your AWS environment and have created six IAM user accounts for the DevOps team. What is the AWS recommendation when granting permissions to these IAM accounts?,Attach a separate IAM policy for each individual account.,Apply the Principle of Least Privilege.,"For security purposes, you should not grant any permission to the DevOps team.",Create six different IAM passwords.,,['b'],,,,
pe-06,025,Which of the following has the greatest impact on cost? (Choose TWO),Compute charges.,The number of services used.,Data Transfer In charges.,Data Transfer Out charges.,The number of IAM roles provisioned.,"['a', 'd']",,,,
pe-06,026,Who from the following will get the largest discount?,"A user who chooses to buy On-demand, Convertible, Partial upfront instances.","A user who chooses to buy Reserved, Convertible, All upfront instances.","A user who chooses to buy Reserved, Standard, No upfront instances.","A user who chooses to buy Reserved, Standard, All upfront instances.",,['d'],,,,
pe-06,027,Which of the following is an available option when purchasing Amazon EC2 instances?,The ability to bid to get the lowest possible prices.,The ability to register EC2 instances to get volume discounts on every hour the instances are running.,The ability to buy Dedicated Instances for up to 90% discount.,The ability to pay upfront to get lower hourly costs.,,['d'],,,,
pe-06,028,What does the term “Economies of scale” mean?,It means that you save more when you consume more.,"It means as more time passes using AWS, you pay more for its services.",It means that AWS will continuously lower costs as it grows.,It means that you have the ability to pay as you go.,,['c'],,,,
pe-06,029,A company experiences fluctuations in traffic patterns to their e-commerce website when running flash sales. What service can help the company dynamically match the required compute capacity to handle spikes in traffic during flash sales?,AWS Auto Scaling.,Amazon Elastic Compute Cloud.,Amazon Elastic File System.,Amazon ElastiCache.,,['a'],,,,
pe-06,030,Which of the below options is true of Amazon VPC?,Amazon VPC allows customers to control user interactions with all other AWS resources.,AWS Customers have complete control over their Amazon VPC virtual networking environment.,AWS is responsible for all the management and configuration details of Amazon VPC.,Amazon VPC helps customers to review their AWS architecture and adopt best practices.,,['b'],,,,
pe-06,031,Which tool can a non-AWS customer use to compare the cost of on-premises environment resources to AWS?,AWS Cost Explorer.,AWS Pricing Calculator.,AWS Budgets.,AWS TCO Calculator.,,['d'],,,,
pe-06,032,Which of the following services provide real-time auditing for compliance and vulnerabilities? (Choose TWO),AWS Config.,Amazon Redshift.,Amazon MQ.,AWS Trusted Advisor.,Amazon Cognito.,"['a', 'd']",,,,
pe-06,033,Which of the following AWS services uses Puppet to automate how EC2 instances are configured?,AWS OpsWorks.,AWS CloudFormation.,AWS Quick Starts.,AWS CloudTrail.,,['a'],,,,
pe-06,034,An organization uses a hybrid cloud architecture to run their business. Which AWS service enables them to deploy their applications to any AWS or on-premises server?,Amazon Kinesis.,Amazon QuickSight.,AWS CodeDeploy.,Amazon Athena.,,['c'],,,,
pe-06,035,Select the services that are server-based: (Choose TWO),Amazon RDS.,Amazon DynamoDB.,AWS Lambda.,AWS Fargate.,Amazon EMR.,"['a', 'e']",,,,
pe-06,036,What best describes penetration testing?,Testing your application’s response time from different locations.,Testing your network to find security vulnerabilities that an attacker could exploit.,Testing your instances to check for the unhealthy ones.,Testing your software for bugs and errors.,,['b'],,,,
pe-06,037,Which of the following are use cases for Amazon EMR? (Choose TWO),Enables you to backup extremely large amounts of data at very low costs.,Enables you to move Exabyte-scale data from on-premises datacenters into AWS.,Enables you to analyze and process extremely large amounts of data in a timely manner.,"Enables you to easily run and scale Apache Spark, Hadoop,and other Big Data frameworks.",Enables you to easily run and manage Docker containers.,"['c', 'd']",,,,
pe-06,038,"Your CTO has asked you to contact AWS support using the chat feature to ask for guidance related to EBS. However, when you open the AWS support center you can't see a way to contact support via Chat. What should you do?",There is no chat feature in AWS support.,"The chat feature is available for all plans for an additional fee, but you have to request it first.","At a minimum, upgrade to Business support plan.",Upgrade from the Basic Support plan to Developer Support.,,['c'],,,,
pe-06,039,"A developer wants to quickly deploy and manage his application in the AWS Cloud, but he doesn’t have any experience with cloud computing. Which of the following AWS services would help the developer achieve his goal?",AWS Fargate.,AWS Batch.,Amazon Personalize.,AWS Elastic Beanstalk.,,['d'],,,,
pe-06,040,Which statement best describes the AWS Pay-As-You-Go pricing model?,"With AWS, you replace low upfront expenses with large variable payments.","With AWS, you replace low upfront expenses with large fixed payments.","With AWS, you replace large upfront expenses with low fixed payments.","With AWS, you replace large capital expenses with low variable payments.",,['d'],,,,
pe-06,041,"For Amazon RDS databases, what does AWS perform on your behalf? (Choose TWO)",Database setup.,Network traffic protection.,Management of the operating system.,Access management.,Management of firewall rules.,"['a', 'c']",,,,
pe-06,042,Which of the following strategies help analyze costs in AWS?,Using tags to group resources.,Using AWS CloudFormation to automate the deployment of resources.,Deploying resources of the same type in different regions.,Configuring Amazon Inspector to automatically analyze costs and email reports.,,['a'],,,,
pe-06,043,A media company has an application that requires the transfer of large data sets to and from AWS every day. This data is business critical and should be transferred over a consistent connection. Which AWS service should the company use?,AWS Direct Connect.,Amazon Comprehend.,AWS Snowmobile.,AWS VPN.,,['a'],,,,
pe-06,044,What is the main benefit of the AWS Storage Gateway service?,"It automates the process of building, maintaining, and running ETL jobs.",It provides physical devices to migrate data from on premises to AWS.,It allows integration of on-premises IT environments with Cloud Storage.,It provides hardware-based key storage for regulatory compliance.,,['c'],,,,
pe-06,045,"To protect against data loss, you need to backup your database regularly. What is the most cost-effective storage option that provides immediate retrieval of your backups?",Amazon S3 Glacier Deep Archive.,Amazon S3 Standard-Infrequent Access.,Amazon S3 Glacier.,Instance Store.,,['b'],,,,
pe-06,046,Which service can you use to route traffic to the endpoint that provides the best application performance for your users worldwide?,AWS Global Accelerator.,AWS Data Pipeline.,AWS DAX Accelerator.,AWS Transfer Acceleration.,,['a'],,,,
pe-06,047,Why are Serverless Architectures more economical than Server-based Architectures?,Serverless Architectures use new powerful computing devices.,"With the Server-based Architectures, compute resources continue to run all the time but with serverless architecture, compute resources are only used when code is being executed.","When you reserve serverless capacity, you will get large discounts compared to server reservation.",With Serverless Architectures you have the ability to scale automatically up or down as demand changes.,,['b'],,,,
pe-06,048,Which of the below options are use cases of the Amazon Route 53 service? (Choose TWO),Point-to-point connectivity between an on-premises data center and AWS.,Detects configuration changes in the AWS environment.,DNS configuration and management.,Manages global application traffic through a variety of routing types.,Provides infrastructure security optimization recommendations.,"['c', 'd']",,,,
pe-06,049,"You want to transfer 200 Terabytes of data from on-premises locations to the AWS Cloud, which of the following can do the job in a cost-effective way?",AWS Snowmobile.,AWS Import/Export.,AWS DMS.,AWS Snowball.,,['d'],,,,
pe-06,050,You have a real-time IoT application that requires sub-millisecond latency. Which of the following services should you use?,Amazon Redshift.,Amazon Athena.,AWS Cloud9.,Amazon ElastiCache for Redis.,,['d'],,,,
pe-07,001,Which of the following can help secure your sensitive data in Amazon S3? (Choose TWO),Delete the encryption keys once your data is encrypted.,With AWS you do not need to worry about encryption.,Enable S3 Encryption.,Encrypt the data prior to uploading it.,Delete all IAM users that have access to S3.,"['c', 'd']",,,,
pe-07,002,Which AWS service helps developers compile and test their code?,AWS CodeDeploy.,AWS CodeCommit.,CloudEndure.,AWS CodeBuild.,,['d'],,,,
pe-07,003,Which of the following will affect how much you are charged for storing objects in S3? (Choose TWO),Using default encryption for any number of S3 buckets.,The number of EBS volumes attached to your instances.,The storage class used for the objects stored.,Creating and deleting S3 buckets.,The total size in gigabytes of all objects stored.,"['c', 'e']",,,,
pe-07,004,What does the Amazon CloudFront service provide? (Choose TWO),Tracks user activity and APl usage.,Increases application availability by caching at the edge.,Enables faster disaster recovery.,Stores archived data at very low costs.,Delivers content to end users with low latency.,"['b', 'e']",,,,
pe-07,005,You are facing a lot of problems with your current contact center. Which service provides a cloud-based contact center that can deliver a better service for your customers?,Amazon Lightsail.,Amazon Connect.,AWS Direct Connect.,AWS Elastic Beanstalk.,,['b'],,,,
pe-07,006,You have migrated your application to AWS recently. How can you view the AWS costs applied to your account?,Using the AWS Cost & Usage Report.,Using the AWS Total Cost of Ownership (TCO) dashboard.,Using the AWS CloudWatch logs dashboard.,Using the Amazon VPC dashboard.,,['a'],,,,
pe-07,007,Which of the following are valid Amazon EC2 Reserved Instance types? (Choose TWO),Convertible.,Expedited.,Bulk.,Spot.,Standard.,"['a', 'e']",,,,
pe-07,008,Which of the following services gives you access to all AWS auditor-issued reports and certifications?,AWS Artifact.,AWS Config.,Amazon CloudWatch.,AWS CloudTrail.,,['a'],,,,
pe-07,009,"You manage a blog on AWS that has different environments: development, testing, and production. What can you use to create a custom console for each environment to view and manage your resources easily?",AWS Resource Groups.,AWS Placement Groups.,AWS Management Console.,AWS Tag Editor.,,['a'],,,,
pe-07,010,Which AWS service collects metrics from running EC2 instances?,Amazon Inspector.,Amazon CloudWatch.,AWS CloudFormation.,AWS CloudTrail.,,['b'],,,,
pe-07,011,Your web application currently faces performance issues and suffers from long load times. Which of the following AWS services could help fix these issues and improve performance?,Amazon Detective.,AWS X-Ray.,AWS Security Hub.,AWS Shield.,,['b'],,,,
pe-07,012,Which of the following compute resources are serverless? (Choose TWO),Amazon EC2.,AWS Fargate.,AWS Lambda.,Amazon ECS.,Amazon EMR.,"['b', 'c']",,,,
pe-07,013,"For compliance and regulatory purposes, a government agency requires that their applications must run on hardware that is dedicated to them only. How can you meet this requirement?",Use EC2 Dedicated Hosts.,Use EC2 Reserved Instances.,Use EC2 Spot Instances.,Use EC2 On-demand Instances.,,['a'],,,,
pe-07,014,Which AWS Cost Governance best practice recommends refining workloads regularly to make the most of existing AWS resources and reduce costs?,Tagging Enforcement.,Architecture Optimization.,Budgeting Processes.,Resource Controls.,,['b'],,,,
pe-07,015,An organization needs to build a financial application that requires support for ACID transactions. Which AWS database service is most appropriate in this case?,RedShift.,RDS.,CloudHSM.,DMS.,,['b'],,,,
pe-07,016,What can you use to assign permissions directly to an IAM user?,IAM Identity.,IAM Group.,IAM Role.,IAM Policy.,,['d'],,,,
pe-07,017,The owner of an E-Commerce application notices that the compute capacity requirements vary heavily from time to time. What makes AWS more economical than traditional data centers for this type of application?,AWS allows customers to launch powerful EC2 instances to handle spikes in load.,AWS allows customers to pay upfront to get bigger discounts.,AWS allows customers to launch and terminate EC2 instances based on demand.,AWS allows customers to choose cheaper types of EC2 instances that best fit their needs.,,['c'],,,,
pe-07,018,Amazon RDS supports multiple database engines to choose from. Which of the following is not one of them?,PostgreSQL.,Oracle.,Microsoft SQL Server.,Teradata.,,['d'],,,,
pe-07,019,Which of the following AWS services would help you migrate on-premise databases to AWS?,AWS DMS.,Amazon S3 Transfer Acceleration.,AWS Directory Service.,AWS Transit Gateway.,,['a'],,,,
pe-07,020,"For new AWS customers, what is the EASIEST way to launch a simple WordPress website on AWS?",Run WordPress on an Amazon Lightsail instance.,Install WordPress on an Amazon EC2 instance.,Use the Amazon S3 Web hosting feature.,Host the website directly on AWS Cloud Development Kit (AWS CDK).,,['a'],,,,
pe-07,021,Which of the following would you use to manage your encryption keys in the AWS Cloud? (Choose TWO),AWS KMS.,AWS Certificate Manager.,AWS CodeDeploy.,AWS CodeCommit.,CloudHSM.,"['a', 'e']",,,,
pe-07,022,Which of the following services allows you to install and run custom relational database software?,Amazon EC2.,Amazon Cognito.,Amazon RDS.,Amazon Inspector.,,['a'],,,,
pe-07,023,Your application requirements for CPU and RAM are changing in an unpredictable way. Which service can be used to dynamically adjust these resources based on load?,Auto Scaling.,ELB.,Amazon Route53.,Amazon Elastic Container Service.,,['a'],,,,
pe-07,024,"A company has infrastructure hosted in an on-premises data center. They currently have an operations team that takes care of identity management. If they decide to migrate to the AWS cloud, which of the following services would help them perform the same role in AWS?",AWS IAM.,AWS Outposts.,AWS Federation.,Amazon Redshift.,,['a'],,,,
pe-07,025,What are some key design principles for designing public cloud systems? (Choose TWO),Reserved capacity instead of on demand.,Loose coupling over tight coupling.,Servers instead of managed services.,Disposable resources instead of fixed servers.,Multi-AZ deployments instead of multi-region deployments.,"['b', 'd']",,,,
pe-07,026,"Where can AWS account owners get a list of all users in their account, including the status of their AWS credentials?",AWS CloudTrail Trails.,IAM Credential Report.,AWS Artifact reports.,AWS Cost and Usage Report.,,['b'],,,,
pe-07,027,Which of the following services enables you to easily generate and use your own encryption keys in the AWS Cloud?,AWS Shield.,AWS Certificate Manager.,AWS CloudHSM.,AWS WAF.,,['c'],,,,
pe-07,028,You have developed a web application targeting a global audience. Which of the following will help you achieve the highest redundancy and fault tolerance from an infrastructure perspective?,"There is no need to architect for these capabilities in AWS, as AWS is redundant by default.",Deploy the application in a single Availability Zone.,Deploy the application in multiple Availability Zones in a single AWS region.,Deploy the application in multiple Availability Zones in multiple AWS regions.,,['d'],,,,
pe-07,029,"For some services, AWS automatically replicates data across multiple Availability Zones to provide fault tolerance in the event of a server failure or Availability Zone outage. Select TWO services that automatically replicate data across Availability Zones.",Instance Store.,S3.,DynamoDB.,Amazon Route 53.,AWS VPN.,"['b', 'c']",,,,
pe-07,030,Which of the following factors affect Amazon CloudFront cost? (Choose TWO),Number of Requests.,Traffic Distribution.,Number of Volumes.,Instance type.,Storage Class.,"['a', 'b']",,,,
pe-07,031,Which of the following resources can an AWS customer use to learn more about prohibited uses of the services offered by AWS?,AWS Service Control Policies (SCPs).,AWS Artifact.,AWS Budgets.,AWS Acceptable Use Policy.,,['d'],,,,
pe-07,032,Which of the following security resources are available to any user for free? (Choose TWO),AWS Bulletins.,AWS TAM.,AWS Support APl.,AWS Security Blog.,AWS Classroom Training.,"['a', 'd']",,,,
pe-07,033,How can you protect data stored on Amazon S3 from accidental deletion?,By enabling S3 Versioning.,By configuring S3 Bucket Policies.,By configuring S3 Lifecycle Policies.,By disabling S3 Cross-Region Replication (CRR).,,['a'],,,,
pe-07,034,Which of the following is the responsibility of AWS according to the AWS Shared Responsibility Model?,Securing regions and edge locations.,Performing auditing tasks.,Monitoring AWS resources usage.,Securing access to AWS resources.,,['a'],,,,
pe-07,035,Which of the following AWS support plans provides access to only the seven core AWS Trusted Advisor checks?,Business & Enterprise Support.,Basic & Developer Support.,Developer & Enterprise Support.,Developer & Business Support.,,['b'],,,,
pe-07,036,Which of the following is NOT a benefit of using AWS Lambda?,AWS Lambda runs code without provisioning or managing servers.,AWS Lambda provides resizable compute capacity in the cloud.,There is no charge when your AWS Lambda code is not running.,AWS Lambda can be called directly from any mobile app.,,['d'],,,,
pe-07,037,How does AWS help customers achieve compliance in the cloud?,It's not possible to meet regulatory compliance requirements in the Cloud.,"AWS applies the most common Cloud security standards, and is responsible for complying with customers’ applicable laws and regulations.",AWS has many common assurance certifications such as ISO 9001 and HIPAA.,Many AWS services are assessed regularly to comply with local laws and regulations.,,['c'],,,,
pe-07,038,Who is responsible for scaling a DynamoDB database in the AWS Shared Responsibility Model?,Your security team.,Your development team.,AWS.,Your internal DevOps team.,,['c'],,,,
pe-07,039,You are working as a web app developer. You are currently facing issues in media playback for mobile devices because your media format is not supported. Which of the following AWS services can help you convert your media into another format?,Amazon Elastic Transcoder.,Amazon Pinpoint.,AmazonS3.,Amazon Rekognition.,,['a'],,,,
pe-07,040,What are the benefits of the AWS Organizations service? (Choose TWO),Control access to AWS services.,Help organizations design and maintain an accelerated path to successful cloud adoption.,Manage your organization’s payment methods.,Help organization achieve their desired business outcomes with AWS.,Consolidate billing across multiple AWS accounts.,"['a', 'e']",,,,
pe-07,041,Which AWS service allows you to build a data warehouse in the cloud?,AWS Shield.,Amazon Redshift.,Amazon RDS.,Amazon Comprehend.,,['b'],,,,
pe-07,042,What AWS service allows you to buy third-party software solutions and services that run on AWS resources?,AWS Application Discovery service.,Amazon DevPay.,AWS Marketplace.,Resource Groups.,,['c'],,,,
pe-07,043,"Which of the following services is an AWS repository management system that allows for storing, versioning, and managing your application code?",AWS CodePipeline.,AWS CodeCommit.,AWS X-Ray.,Amazon Inspector.,,['b'],,,,
pe-07,044,Which AWS service can be used to route end users to the nearest AWS Region to reduce latency?,Amazon Cognito.,AWS Systems Manager.,AWS Cloud9.,Amazon Route 53.,,['d'],,,,
pe-07,045,Which feature enables users to sign into their AWS accounts with their existing corporate credentials?,Federation.,Access keys.,IAM Permissions.,WAF rules.,,['a'],,,,
pe-07,046,"According to the AWS shared responsibility model, what are the controls that customers fully inherit from AWS? (Choose TWO)",Awareness and Training.,Communications controls.,Data center security controls.,Environmental controls.,Resource Configuration Management.,"['c', 'd']",,,,
pe-07,047,What can you access by visiting the URL: <http://status.aws.amazon.com>?,AWS Billing Dashboard.,AWS Cost Dashboard.,AWS Service Health Dashboard.,AWS Security Dashboard.,,['c'],,,,
pe-07,048,Which of the following procedures can reduce latency when your end users are retrieving data? (Choose TWO),Store media assets in the region closest to your end users.,Store media assets on an additional EBS volume and increase the capacity of your server.,Replicate media assets to at least two availability zones.,Reduce the size of media assets using the Amazon Elastic Transcoder.,Store media assets in S3 and use CloudFront to distribute these assets.,"['a', 'e']",,,,
pe-07,049,Which of the following are part of the seven design principles for security in the cloud? (Choose TWO),Use manual monitoring techniques to protect your AWS resources.,Use IAM roles to grant temporary access instead of long-term credentials.,Scale horizontally to protect from failures.,Enable real-time traceability.,Never store sensitive data in the cloud.,"['b', 'd']",,,,
pe-07,050,"A company is migrating production workloads to AWS, and they are concerned about cost management across different departments. Which option should the company implement to categorize and track AWS spending?",Use the AWS Pricing Calculator service to monitor the costs incurred by each department.,Use Amazon Aurora to forecast AWS spending based on usage.,Apply cost allocation tags to segment AWS costs by different e projects and departments.,Configure AWS Price List API to receive billing updates for each department automatically.,,['c'],,,,
pe-08,001,What is the main benefit of attaching security groups to an Amazon RDS instance?,Manages user access and encryption keys.,Controls what IP address ranges can connect to your database instance.,Deploys SSL/TLS certificates for use with your database instance.,Distributes incoming traffic across multiple targets.,,['b'],,,,
pe-08,002,"A company wants to use Amazon Elastic Container Service (Amazon ECS) to run its containerized applications. For compliance reasons, the company wants to retain complete visibility and control over the underlying server cluster. Which Amazon ECS launch type will satisfy these requirements?",EC2 launch type.,Fargate launch type.,Lightsail launch type.,Lambda launch type.,,['a'],,,,
pe-08,003,You have multiple standalone AWS accounts and you want to decrease your AWS monthly charges. What should you do?,Try to remove unnecessary AWS accounts.,Add the accounts to an AWS Organization and use Consolidated Billing.,Track the AWS charges that are incurred by the member accounts.,Enable AWS tiered-pricing before provisioning resources.,,['b'],,,,
pe-08,004,"You have been tasked with auditing the security of your VPC. As part of this process, you need to start by analyzing what inbound and outbound traffic is allowed on your EC2 instances. What two parts of the VPC do you need to check to accomplish this task?",Network ACLs and Traffic Manager.,Network ACLs and Subnets.,Security Groups and Internet Gateways.,Security Groups and Network ACLs.,,['d'],,,,
pe-08,005,"What does the AWS ""Business"" support plan provide? (Choose TWO)",Access to the full set of Trusted Advisor checks.,Support Concierge Service.,Less than 15 minutes response-time support if your business critical system goes down.,AWS Support API.,Proactive Technical Account Management.,"['a', 'd']",,,,
pe-08,006,You have just finished writing your application code. Which service can be used to automate the deployment and scaling of your application?,Amazon Simple Storage Service.,AWS Elastic Beanstalk.,AWS CodeCommit.,Amazon Elastic File System.,,['b'],,,,
pe-08,007,Which statement is true in relation to security in AWS?,AWS manages everything related to EC2 operating systems.,AWS customers are responsible for patching any database software running on Amazon EC2.,Server side encryption is the responsibility of AWS.,AWS is responsible for the security of your application.,,['b'],,,,
pe-08,008,"Amazon EC2 instances are conceptually very similar to traditional servers. However, using Amazon EC2 server instances in the same manner as traditional hardware server instances is only a starting point. What are the main benefits of using the AWS EC2 instances instead of traditional servers? (Choose TWO)",Improves Fault-Tolerance.,Provides your business with a seamless remote accessibility.,Prevents unauthorized users from getting into your network.,Provides automatic data backups.,Can be scaled manually in a shorter period of time.,"['a', 'e']",,,,
pe-08,009,Which statement is true regarding AWS pricing? (Choose TWO),"With the AWS pay-as-you-go pricing model, you don't have to pay any upfront fee.",You have no responsibility for third-party software license costs.,You only pay for the individual services that you need with no long-term contracts.,"For some services, you have to pay a startup fee in order to get the service running.","There are no reservations on AWS, you only pay for what you use.","['a', 'c']",,,,
pe-08,010,"Which AWS service provides the EASIEST way to set up and manage a secure, well-architected, multi-account AWS environment?",AWS Control Tower.,Amazon Macie.,AWS Systems Manager Patch Manager.,AWS Security Hub.,,['a'],,,,
pe-08,011,A company is running a large web application that needs to always be available. The application tends to slow down when CPU usage is greater than 60%. How can they track when CPU usage goes above 60% for any of the EC2 Instances in their account?,Use CloudFront to monitor the CPU usage.,Set the AWS Config CPU threshold to 60% to receive a notification when EC2 usage exceeds that value.,Use CloudWatch Alarms to monitor the CPU and alert when the CPU usage is >= 60%.,Use SNS to monitor the utilization of the server.,,['c'],,,,
pe-08,012,What is the recommended storage option when hosting an often-changing database on an Amazon EC2 instance?,Amazon EBS.,Amazon RDS.,You can't run a database inside an Amazon EC2 instance.,Amazon DynamoDB.,,['a'],,,,
pe-08,013,"You are working as a site reliability engineer (SRE) in an AWS environment, which of the following services helps monitor your applications?",Amazon CloudWatch.,Amazon CloudSearch.,Amazon Elastic MapReduce.,Amazon CloudHSM.,,['a'],,,,
pe-08,014,What factors determine how you are charged when using AWS Lambda? (Choose TWO),Storage consumed.,Number of requests to your functions.,Number of volumes.,Placement groups.,Compute time consumed.,"['b', 'e']",,,,
pe-08,015,What are the main differences between an IAM user and an IAM role in AWS? (Choose TWO),"An IAM user is uniquely associated with only one person, however a role is intended to be assumable by anyone who needs it.","An IAM user has permanent credentials associated with it, however a role has temporary credentials associated with it.",IAM users are more cost effective than IAM roles.,"A role is uniquely associated with only one person, however an IAM user is intended to be assumable by anyone who needs it.","An IAM user has temporary credentials associated with it, however a role has permanent credentials associated with it.","['a', 'b']",,,,
pe-08,016,Which of the following actions may reduce Amazon EBS costs? (Choose TWO),Deleting unused buckets.,Using reservations.,Deleting unnecessary snapshots.,Changing the type of the volume.,Distributing requests to multiple volumes.,"['c', 'd']",,,,
pe-08,017,What does Amazon GuardDuty do to protect AWS accounts and workloads?,Notifies AWS customers about abuse events once they are reported.,Continuously monitors AWS infrastructure and helps detect threats such as attacker reconnaissance or account compromise.,Helps AWS customers identify the root cause of potential security issues.,Checks security groups for rules that allow unrestricted access to AWS. resources.,,['b'],,,,
pe-08,018,"Which database service should you use if your application and data schema require ""joins"" or complex transactions?",Amazon RDS.,AWS Outposts.,Amazon DocumentDB.,Amazon DynamoDB.,,['a'],,,,
pe-08,019,"Which of the following makes it easier for you to categorize, manage and filter your resources?",Amazon CloudWatch.,AWS Service Catalog.,AWS Directory Service.,AWS Tagging.,,['d'],,,,
pe-08,020,What should you consider when storing data in Amazon Glacier?,Amazon Glacier only accepts data in a compressed format.,Glacier can only be used to store frequently accessed data and data archives.,Amazon Glacier does not provide immediate retrieval of data.,Attach Glacier to an EC2 Instance to be able to store data.,,['c'],,,,
pe-08,021,Engineers are wasting a lot of time and effort managing batch computing software in traditional data centers. Which of the following AWS services allows them to easily run thousands of batch computing jobs?,Amazon EC2.,AWS Batch.,Lambda@Edge.,AWS Fargate.,,['b'],,,,
pe-08,022,How can you increase your application’s fault-tolerance while it is being hosted in AWS?,Deploy your application across multiple EC2 instances.,Deploy your application across multiple Availability Zones.,Host your application on one powerful EC2 instance type instead of multiple smaller instances.,Deploy the underlying application resources across multiple subnets.,,['b'],,,,
pe-08,023,Which of the following AWS Support Plans gives you 24/7 access to Cloud Support Engineers via email & phone? (Choose TWO),Developer.,Premium.,Enterprise.,Standard.,Business.,"['c', 'e']",,,,
pe-08,024,Which of the following requires an access key ID and a secret access key to get long-lived programmatic access to AWS resources? (Choose TWO),IAM group.,IAM user.,IAM role.,AWS account root user.,TAM.,"['b', 'd']",,,,
pe-08,025,"Which of the following is a benefit of the ""Loose Coupling"" architecture principle?",It eliminates the need for change management.,It allows for Cross-Region Replication.,It helps AWS customers reduce Privileged Access to AWS resources.,It allows individual application components or services to be modified without affecting other components.,,['d'],,,,
pe-08,026,A company needs to host a big data application on AWS using EC2 instances. Which of the following AWS Storage services would they choose to automatically get high throughput to multiple compute nodes?,Amazon Elastic Block Store.,AWS Storage Gateway.,Amazon Elastic File System.,S3.,,['c'],,,,
pe-08,027,Which of the following Cloud Computing deployment models eliminates the need to run and maintain physical data centers?,On-premises.,IaaS.,PaaS.,Cloud.,,['d'],,,,
pe-08,028,What are the benefits of the AWS Marketplace service? (Choose TWO),Protects customers by performing periodic security checks on listed products.,Per-second billing.,Provides cheaper options for purchasing Amazon EC2 on-demand instances.,Provides flexible pricing options that suit most customer needs.,Provides software solutions that run on AWS or any other Cloud vendor.,"['d', 'e']",,,,
pe-08,029,What is the benefit of Amazon EBS volumes being automatically replicated within the same availability zone?,Elasticity.,Durability.,Traceability.,Accessibility.,,['b'],,,,
pe-08,030,"You are planning to launch an advertising campaign over the coming weekend to promote a new digital product. It is expected that there will be heavy spikes in load during the campaign period, and you can’t afford any downtime. You need additional compute resources to handle the additional load. What is the most cost-effective EC2 instance purchasing option for this job?",Savings Plans.,Spot Instances.,Reserved Instances.,On-Demand Instances.,,['d'],,,,
pe-08,031,Which of the following AWS services integrates with AWS Shield and AWS Web Application Firewall (AWS WAF) to protect against network and application layer DDoS attacks?,Amazon EFS.,AWS Secrets Manager.,AWS Systems Manager.,Amazon CloudFront.,,['d'],,,,
pe-08,032,Which of the following services is used when encrypting EBS volumes?,AWS WAF.,AWS KMS.,Amazon Macie.,Amazon GuardDuty.,,['b'],,,,
pe-08,033,"The AWS account administrator of your company has been fired. With the permissions granted to him as an administrator, he was able to create multiple IAM user accounts and access keys. Additionally, you are not sure whether he has access to the AWS root account or not. What should you do immediately to protect your AWS infrastructure? (Choose TWO)",Download all the attached policies in a safe place.,Delete all IAM accounts and recreate them.,Use the CloudWatch service to check all API calls that have been made in your account since the administrator was fired.,Rotate all access keys.,Change the email address and password of the root user account and enable MFA.,"['d', 'e']",,,,
pe-08,034,What is the Amazon ElastiCache service used for? (Choose TWO),Provide an in-memory data storage service.,Reduce delivery costs using Edge Locations.,Improve web application performance.,Provide a Chef-compatible cache to speed up application response.,Distribute requests to multiple instances.,"['a', 'c']",,,,
pe-08,035,The elasticity of the AWS Cloud enables customers to save costs when compared to traditional hosting providers. What can AWS customers do to benefit from the elasticity of the AWS Cloud? (Choose TWO),Deploy your resources across multiple Availability Zones.,Use Amazon EC2 Auto Scaling.,Deploy your resources in another region.,Use Elastic Load Balancing.,Use Serverless Computing whenever possible.,"['b', 'e']",,,,
pe-08,036,What are some of the benefits of using On-Demand EC2 instances? (Choose TWO),They provide free capacity when testing your new applications.,They are cheaper than all other EC2 options.,They remove the need to buy “safety net” capacity to handle periodic traffic spikes.,They only require 1-2 days for setup and configuration.,You can increase or decrease your compute capacity depending on the demands of your application.,"['c', 'e']",,,,
pe-08,037,Each AWS Region is composed of multiple Availability Zones. Which of the following best describes what an Availability Zone is?,It is a data center designed to be completely isolated from other data centers in the same region.,It is a collection of data centers distributed in multiple countries.,It is a logically isolated network of the AWS Cloud.,It is a distinct location within a region that is insulated from « failures in other Availability Zones.,,['d'],,,,
pe-08,038,AWS provides disaster recovery capability by allowing customers to deploy infrastructure into multiple [...].,Regions.,Transportation devices.,Support plans.,Edge locations.,,['a'],,,,
pe-08,039,"A financial services company decides to migrate one of its applications to AWS. The application deals with sensitive data, such as credit card information, and must run on a PCI-compliant environment. Which of the following is the company’s responsibility when building a PCI-compliant environment in AWS? (Choose TWO)",Start the migration process immediately as all AWS services are PCI compliant.,Ensure that AWS services are configured properly to meet all PCI DSS standards.,Restrict any access to cardholder data and create a policy that addresses information security for all personnel.,Configure the underlying infrastructure of AWS services to meet all PCI DSS requirements.,Ensure that all PCI DSS physical security requirements are met.,"['b', 'c']",,,,
pe-08,040,What is the maximum amount of data that can be stored in S3 in a single AWS account?,100 PetaBytes.,Virtually unlimited storage.,5TeraBytes.,10 Exabytes.,,['b'],,,,
pe-08,041,Which pillar of the AWS Well-Architected Framework provides recommendations to help customers select the right compute resources based on workload requirements?,Operational Excellence.,Security.,Performance Efficiency.,Reliability.,,['c'],,,,
pe-08,042,"Which AWS service delivers data, videos, applications, and APIs to users globally with low latency and high transfer speeds?",Amazon Route 53.,Amazon Connect.,Amazon CloudFront.,Amazon EC2.,,['c'],,,,
pe-08,043,Which of the following steps should be taken by a customer when conducting penetration testing on AWS?,"Conduct penetration testing using Amazon Inspector, and then notify AWS support.","Request and wait for approval from the customer’s internal security team, and then conduct testing.","Notify AWS support, and then conduct testing immediately.","Request and wait for approval from AWS support, and then conduct testing.",,['d'],,,,
pe-08,044,Which AWS Cost Management tool allows you to view the most granular data about your AWS bill?,AWS Cost Explorer.,AWS Budgets.,AWS Cost and Usage report.,AWS Billing dashboard.,,['c'],,,,
pe-08,045,Which element of the AWS global infrastructure consists of one or more discrete data centers each with redundant power networking and connectivity which are housed in separate facilities?,AWS Regions.,Availability Zones.,Edge locations.,Amazon CloudFront.,,['b'],,,,
pe-08,046,How many Availability Zones should compute resources be provisioned across to achieve high availability?,A minimum of one.,A minimum of two.,A minimum of three.,A minimum of four or more.,,['b'],,,,
pe-08,047,The AWS Cloud’s multiple Regions are an example of:,Agility.,Global infrastructure.,Elasticity.,Pay-as-you-go pricing.,,['b'],,,,
pe-08,048,Which AWS service can be used to manually launch instances based on resource requirements?,Amazon EBS.,Amazon S3.,Amazon EC2.,Amazon ECS.,,['c'],,,,
pe-08,049,Which is a recommended pattern for designing a highly available architecture on AWS?,Ensure that components have low-latency network connectivity.,Run enough Amazon EC2 instances to operate at peak load.,Ensure that the application is designed to accommodate failure of any single component.,Use a monolithic application that handles all operations.,,['c'],,,,
pe-08,050,Which AWS characteristics make AWS cost effective for a workload with dynamic user demand? (Select TWO),High availability.,Shared security model.,Elasticity.,Pay-as-you-go pricing.,Reliability.,"['c', 'd']",,,,
pe-09,001,An administrator needs to rapidly deploy a popular IT solution and start using it immediately. Where can the administrator find assistance?,AWS Well-Architected Framework documentation.,Amazon CloudFront.,AWS CodeCommit.,AWS Quick Start reference deployments.,,['d'],,,,
pe-09,002,What is one of the advantages of the Amazon Relational Database Service (Amazon RDS)?,It simplifies relational database administration tasks.,It provides 99.99999999999% reliability and durability.,It automatically scales databases for loads.,It enables users to dynamically adjust CPU and RAM resources.,,['a'],,,,
pe-09,003,Which of the following AWS Cloud services can be used to run a customer-managed relational database?,Amazon EC2.,Amazon Route 53.,Amazon ElastiCache.,Amazon DynamoDB.,,['a'],,,,
pe-09,004,A user is planning to launch two additional Amazon EC2 instances to increase availability. Which action should the user take?,Launch the instances across multiple Availability Zones in a single AWS Region.,Launch the instances as EC2 Reserved Instances in the same AWS Region and the same Availability Zone.,Launch the instances in multiple AWS Regions but in the same Availability Zone.,Launch the instances as EC2 Spot Instances in the same AWS Region but in different Availability Zones.,,['a'],,,,
pe-09,005,Which of the following can limit Amazon Simple Storage Service (Amazon S3) bucket access to specific users?,A public and private key-pair.,Amazon Inspector.,AWS Identity and Access Management (IAM) policies.,Security Groups.,,['c'],,,,
pe-09,006,Which AWS service allows companies to connect an Amazon VPC to an on-premises data center? (Select TWO),AWS VPN.,Amazon Redshift.,API Gateway.,Amazon Direct Connect.,,"['a', 'd']",,,,
pe-09,007,Which AWS service or feature can be used to monitor CPU usage?,AWS CloudTrail.,VPC Flow Logs.,Amazon CloudWatch.,AWS Config.,,['c'],,,,
pe-09,008,Which task is AWS responsible for in the shared responsibility model for security and compliance?,Granting access to individuals and services.,Encrypting data in transit.,Updating Amazon EC2 host firmware.,Updating operating systems.,,['c'],,,,
pe-09,009,Which of the following security-related actions are available at no cost?,Calling AWS Support.,Contacting AWS Professional Services to request a workshop.,"Accessing forums, blogs, and whitepapers.",Attending AWS classes at a local university.,,['c'],,,,
pe-09,010,Which storage service can be used as a low-cost option for hosting static websites?,Amazon Glacier.,Amazon DynamoDB.,Amazon Elastic File System (Amazon EFS).,Amazon Simple Storage Service (Amazon S3).,,['d'],,,,
pe-09,011,According to the AWS shared responsibility model what is the sole responsibility of AWS?,Application security.,Edge location management.,Patch management.,Client-side data.,,['b'],,,,
pe-09,012,Which of the following are pillars of the AWS Well-Architected Framework? (Select TWO),Multiple Availability Zones.,Performance efficiency.,Security.,Encryption usage.,High availability.,"['b', 'c']",,,,
pe-09,013,Which AWS service identifies security groups that allow unrestricted access to a user’s AWS resources?,AWS Trusted Advisor.,Amazon Inspector.,Amazon CloudWatch.,AWS CloudTrail.,,['a'],,,,
pe-09,014,Which design principles for cloud architecture are recommended when re-architecting a large monolithic application? (Select TWO),Use manual monitoring.,Use fixed servers.,Implement loose coupling.,Rely on individual components.,Design for scalability.,"['c', 'e']",,,,
pe-09,015,"When architecting cloud applications, which of the following are a key design principle?",Use the largest instance possible.,Provision capacity for peak load.,Use the Scrum development process.,Implement elasticity.,,['d'],,,,
pe-09,016,A company has deployed several relational databases on Amazon EC2 instances. Every month the database software vendor releases new security patches that need to be applied to the databases. What is the MOST efficient way to apply the security patches?,Connect to each database instance on a monthly basis and download and apply the necessary security patches from the vendor.,Enable automate patching for the instances using the Amazon RDS console.,In AWS Config. configure a rule for the instances and the required patch level.,Use AWS Systems Manager to automate database patching according to a schedule.,,['d'],,,,
pe-09,017,Which mechanism allows developers to access AWS services from application code?,AWS Software Development Kit.,AWS Management Console.,AWS CodePipeline.,AWS Config.,,['a'],,,,
pe-09,018,Which AWS feature will reduce the customer’s total cost of ownership (TCO)?,Shared responsibility security model.,Single tenancy.,Elastic computing.,Encryption.,,['c'],,,,
pe-09,019,Which of the following is a benefit of using the AWS Cloud?,Permissive security removes the administrative burden.,Ability to focus on revenue-generating activities.,Control over cloud network hardware.,Choice of specific cloud hardware vendors.,,['b'],,,,
pe-09,020,Which of the following are categories of AWS Trusted Advisor? (Select TWO),Fault Tolerance.,Instance Usage.,Infrastructure.,Performance.,Storage Capacity.,"['a', 'd']",,,,
pe-09,021,What is Amazon CloudWatch?,A code repository with customizable build and team commit features.,A metrics repository with customizable notification thresholds and channels.,A security configuration repository with threat analytics.,A rule repository of a web application firewall with automated vulnerability prevention features.,,['b'],,,,
pe-09,022,"Under the AWS shared responsibility model, which of the following activities are the customer’s responsibility? (Select TWO)",Patching operating system components for Amazon Relational Database Server (Amazon RDS).,Encrypting data on the client-side.,Training the data center staff.,Configuring Network Access Control Lists (ACL).,Maintaining environmental controls within a data center.,"['b', 'd']",,,,
pe-09,023,"Under the shared responsibility model, which of the following is a shared control between a customer and AWS?",Physical controls.,Patch management.,Zone security.,Data center auditing.,,['b'],,,,
pe-09,024,"Which AWS service is used to pay AWS bills, and monitor usage and budget costs?",AWS Billing and Cost Management.,Consolidated billing.,Amazon CloudWatch.,Amazon QuickSight.,,['a'],,,,
pe-09,025,How do customers benefit from Amazon’s massive economies of scale?,Periodic price reductions as the result of Amazon’s operational efficiencies.,New Amazon EC2 instance types providing the latest hardware.,The ability to scale up and down when needed.,Increased reliability in the underlying hardware of Amazon EC2 instances.,,['a'],,,,
pe-09,026,Which AWS feature allows a company to take advantage of usage tiers for services across multiple member accounts?,Service control policies (SCPs).,Consolidated billing.,All Upfront Reserved Instances.,AWS Cost Explorer.,,['b'],,,,
pe-09,027,Which AWS services provide a way to extend an on-premises architecture to the aws cloud? (Select TWO),Amazon EBS.,Amazon Connect.,AWS Storage Gateway.,Amazon CloudFront.,AWS Direct Connect.,"['c', 'e']",,,,
pe-09,028,Which of the following services will automatically scale with an expected increase in web traffic?,AWS CodePipeline.,Elastic Load Balancing.,Amazon EBS.,AWS Direct Connect.,,['b'],,,,
pe-09,029,Which service provides a virtually unlimited amount of online highly durable object storage?,Amazon Redshift.,Amazon Elastic File System (Amazon EFS).,Amazon Elastic Container Service (Amazon ECS).,Amazon S3.,,['d'],,,,
pe-09,030,Which AWS feature should a customer leverage to achieve high availability of an application?,AWS Direct Connect.,Availability Zones.,Data centers.,Amazon Virtual Private Cloud (Amazon VPC).,,['b'],,,,
pe-09,031,Which AWS service or feature can enhance network security by blocking requests from a particular network for a web application on AWS? (Select TWO),AWS WAF.,AWS Trusted Advisor.,AWS Direct Connect.,AWS Organizations.,Network ACLs.,"['a', 'e']",,,,
pe-09,032,Which of the following is a cloud architectural design principle?,Scale up not out.,Loosely couple components.,Build monolithic systems.,Use commercial database software.,,['b'],,,,
pe-09,033,"Which service enables risk auditing by continuously monitoring and logging account activity, including user actions in the AWS Management Console and AWS SDKs?",Amazon CloudWatch.,AWS CloudTrail.,AWS Config.,AWS Health.,,['b'],,,,
pe-09,034,Where can AWS compliance and certification reports be downloaded?,AWS Artifact.,AWS Concierge.,AWS Certificate Manager.,AWS Trusted Advisor.,,['a'],,,,
pe-09,035,The financial benefits of using AWS are: (Select TWO),Reduced Total Cost of Ownership (TCO).,Increased capital expenditure (capex).,Reduced operational expenditure ( opex ).,Deferred payment plans for startups.,Business credit lines for startups.,"['a', 'c']",,,,
pe-09,036,Which AWS service can serve a static website?,Amazon S3.,Amazon Route 53.,Amazon QuickSight.,AWS X-Ray.,,['a'],,,,
pe-09,037,What are the benefits of using the AWS Cloud for companies with customers in many countries around the world (Select TWO),Companies can deploy applications in multiple AWS Regions to reduce latency.,Amazon Translate automatically translates third-party website interfaces into multiple languages.,Amazon CloudFront has multiple edge locations around the world to reduce latency.,Amazon Comprehend allows users to build applications that can respond to user requests in many languages.,Elastic Load Balancing can distribute application web traffic to multiple AWS Regions around the world which reduces latency.,"['a', 'c']",,,,
pe-09,038,Which of the following are main components of the AWS global infrastructure? (Select TWO),Resource groups.,Availability Zones.,Security groups.,Regions.,Amazon Machine Images (AMIS).,"['b', 'd']",,,,
pe-09,039,What is the AWS customer responsible for according to the AWS shared responsibility model?,Physical access controls.,Data encryption.,Secure disposal of storage devices.,Environmental risk management.,,['b'],,,,
pe-09,040,"If each department within a company has its own AWS account, what is one way to enable consolidated billing?",Use AWS Budgets on each account to pay only to budget.,Contact AWS Support for a monthly bill.,Create an AWS Organization from the payer account and invite the other accounts to join.,"Put all invoices into one Amazon Simple Storage Service (Amazon S3) bucket, load data into Amazon Redshift, and then run a billing report.",,['c'],,,,
pe-09,041,What costs are included when comparing AWS Total Cost of Ownership (TCO) with on-premises TCO?,Project management.,Antivirus software licensing.,Data center security.,Software development.,,['c'],,,,
pe-09,042,"What is the benefit of using AWS managed services, such as Amazon ElastiCache and Amazon Relational Database Service (Amazon RDS)?",They require the customer to monitor and replace failing instances.,They have better performance than customer-managed services.,They simplify patching and updating underlying OSs.,They do not require the customer to optimize instance type or size selections.,,['c'],"- AWS Managed Services takes care of all of your patching and backup activities to help keep your resources current and secure. When updates or patches are released by OS vendors, AWS Managed Services applies them in a timely and consistent manner to minimize the impact on your business",,,
pe-09,043,Which services can be used across hybrid AWS Cloud architectures? (Select TWO),Amazon Route 53.,Virtual Private Gateway.,Classic Load Balancer.,Auto Scaling.,Amazon CloudWatch default metrics.,"['a', 'b']",,,,
pe-09,044,Which statement best describes Elastic Load Balancing?,It translates a domain name into an IP address using DNC.,It distributes incoming application traffic across one or more Amazon EC2 instances.,It collects metrics on connected Amazon EC2 instances.,It automatically adjusts the number of Amazon EC2 instances to support incoming traffic.,,['b'],,,,
pe-09,045,Which of the following is a fast and reliable NoSQL database service?,Amazon Redshift.,Amazon RDS.,Amazon DynamoDB.,Amazon S3.,,['c'],,,,
pe-09,046,Which AWS service would you use to obtain compliance reports and certificates?,AWS Artifact.,AWS Lambda.,Amazon Inspector.,AWS Certificate Manager.,,['a'],,,,
pe-09,047,Which AWS services are defined as global instead of regional? (Select TWO),Amazon Route 53.,Amazon EC2.,Amazon S3.,Amazon CloudFront.,Amazon DynamoDB.,"['a', 'd']",,,,
pe-09,048,How would an AWS customer easily apply common access controls to a large set of users?,Apply an IAM policy to an IAM group.,Apply an IAM policy to an IAM role.,Apply the same IAM policy to all IAM users with access to the same workload.,Apply an IAM policy to an Amazon Cognito user pool.,,['a'],,,,
pe-09,049,Which of the following is an important architectural design principle when designing cloud applications?,Use multiple Availability Zones.,Use tightly coupled components.,Use open source software.,Provision extra capacity.,,['a'],,,,
pe-09,050,Which service allows a company with multiple AWS accounts to combine its usage to obtain volume discounts?,AWS Server Migration Service.,AWS Organizations.,AWS Budgets.,AWS Trusted Advisor.,,['b'],,,,
pe-10,001,Which of the following can an AWS customer use to launch a new Amazon Relational Database Service (Amazon RDS) cluster? (Select TWO),AWS Concierge.,AWS CloudFormation.,Amazon Simple Storage Service (Amazon S3).,Amazon EC2 Auto Scaling.,AWS Management Console.,"['b', 'e']",,,,
pe-10,002,Which of the following Reserved Instance (RI) pricing models provides the highest average savings compared to On-Demand pricing?,"One-year, No Upfront, Standard RI pricing.","One-year, All Upfront, Convertible RI pricing.","Three-year, All Upfront, Standard RI pricing.","Three-year, No Upfront, Convertible RI pricing.",,['c'],,,,
pe-10,003,Which of the following are features of Amazon CloudWatch Logs? (Select TWO),Summaries by Amazon Simple Notification Service (Amazon SNS).,Free Amazon Elasticsearch Service analytics.,Provided at no charge.,Real-time monitoring.,Adjustable retention.,"['d', 'e']",,,,
pe-10,004,Which of the following is an AWS-managed compute service?,Amazon SWF.,Amazon EC2.,AWS Lambda.,Amazon Aurora.,,['c'],,,,
pe-10,005,A company wants to reduce the physical compute footprint that developers use to run code. Which service would meet that need by enabling serverless architectures?,Amazon Elastic Compute Cloud (Amazon EC2).,AWS Lambda.,Amazon DynamoDB.,AWS CodeCommit.,,['b'],,,,
pe-10,006,Which of the following is the customer’s responsibility under the AWS shared responsibility model?,Patching underlying infrastructure,Physical security,Patching Amazon EC2 instances,Patching network infrastructure,,['c'],,,,
pe-10,007,According to the AWS shared responsibility model who is responsible for configuration management?,It is solely the responsibility of the customer.,It is solely the responsibility of AWS.,It is shared between AWS and the customer.,It is not part of the AWS shared responsibility model.,,['c'],,,,
pe-10,008,Which security service automatically recognizes and classifies sensitive data or intellectual property on AWS?,Amazon GuardDuty.,Amazon Macie.,Amazon Inspector.,AWS Shield.,,['b'],,,,
pe-10,009,Which of the following BEST describe the AWS pricing model? (Select TWO),Fixed-term.,Pay-as-you-go.,Colocation.,Planned.,Variable cost.,"['b', 'e']",,,,
pe-10,010,"Under the shared responsibility model, which of the following tasks are the responsibility of the AWS customer? (Select TWO)",Ensuring that application data is encrypted at rest.,Ensuring that AWS NTP servers are set to the correct time.,Ensuring that users have received security training in the use of AWS services.,Ensuring that access to data centers is restricted.,Ensuring that hardware is disposed of properly.,"['a', 'c']",,,,
pe-10,011,A customer is using multiple AWS accounts with separate billing. How can the customer take advantage of volume discounts with minimal impact to the AWS resources?,Create one global AWS account and move all AWS resources to that account.,Sign up for three years of Reserved Instance pricing up front.,Use the consolidated billing feature from AWS Organizations.,Sign up for the AWS Enterprise support plan to get volume discounts.,,['c'],,,,
pe-10,012,Which Amazon EC2 pricing model offers the MOST significant discount when compared to OnDemand Instances?,A Partial Upfront Reserved Instances for a 1-year term.,All Upfront Reserved instances for a 1 year form.,All Upfront Reserved Instances for a 3 year term.,No Upfront Reserved Instances for a 3 year term.,,['c'],,,,
pe-10,013,Which AWS services should be used for read/write of constantly changing data? (Select TWO),Amazon Glacier.,Amazon RDS.,AWS Snowball.,Amazon Redshift.,Amazon EFS.,"['b', 'e']",,,,
pe-10,014,Which AWS service allows users to identify the changes made to a resource over time?,Amazon Inspector.,AWS Config.,AWS Service Catalog.,AWS IAM.,,['b'],,,,
pe-10,015,"According to best practices, how should an application be designed to run in the AWS Cloud?",Use tightly coupled components.,Use loosely coupled components.,Use infrequently coupled components.,Use frequently coupled components.,,['b'],,,,
pe-10,016,Which benefits are included with the AWS Business Support plan? (Select TWO),24/7 assistance by way of live chat or a telephone call.,Support from a dedicated AWS Technical Account Manager.,An unlimited number of cases and contacts.,15-minute response time for production system interruption cases.,Annual operational reviews with AWS Solutions Architects.,"['a', 'c']",,,,
pe-10,017,Which of the following is an AWS managed Domain Name System (DNS) web service?,Amazon Route 53.,Amazon Neptune.,Amazon SageMaker.,Amazon Lightsail.,,['a'],,,,
pe-10,018,A user must meet compliance and software licensing requirements that state a workload must be hosted on a physical server. When Amazon EC2 instance pricing option will meet these requirements?,Dedicated Hosts.,Dedicated Instances.,Spot Instances.,Reserved Instances.,,['a'],,,,
pe-10,019,Which of the Reserved Instance (RI) pricing models can change the attributes of the RI as long as the exchange results in the creation of RIs of equal or greater value?,Dedicated RIs.,Scheduled RIs.,Convertible RIs.,Standard RIs.,,['c'],,,,
pe-10,020,"Which service is best for storing common database query results, which helps to alleviate database access load?",Amazon Machine Learning.,Amazon SQS.,Amazon ElastiCache.,Amazon EC2 Instance Store.,,['c'],,,,
pe-10,021,When should a company consider using Amazon EC2 Spot Instances? (Select TWO),For non-production applications.,For stateful workloads.,For applications that cannot have interruptions.,For fault-tolerant flexible applications.,For sensitive database applications.,"['a', 'd']",,,,
pe-10,022,Which AWS tools assist with estimating costs? (Select three),Detailed billing report.,Cost allocation tags.,AWS Simple Monthly Calculator.,AWS Total Cost of Ownership (TCO) Calculator.,Cost Estimator.,"['b', 'c', 'd']",,,,
pe-10,023,A company wants to focus on business activities instead of managing compute and capacity. Which AWS service can be used to automatically add or remove Amazon EC2 instances based on demand?,Elastic Load Balancer.,Amazon EC2 Auto Scaling.,Amazon Route 53.,Amazon CloudFront.,,['b'],,,,
pe-10,024,Which is the minimum AWS Support plan that includes Infrastructure Event Management without additional costs?,Enterprise.,Business.,Developer.,Basic.,,['a'],,,,
pe-10,025,Access keys in AWS Identity and Access Management (IM1) are used to:,Log in to the AWS Management Console.,Make programmatic calls to AWS from AWS APIs.,Log in to Amazon EC2 instances.,Authenticate to AWS CodeCommit repositories.,,['b'],,,,
pe-10,026,Which AWS service can be used to query stored datasets directly from Amazon S3 using standard SQL?,AWS Glue.,AWS Data Pipeline.,Amazon CloudSearch.,Amazon Athena.,,['d'],,,,
pe-10,027,How does AWS shorten the time to provision IT resources?,It supplies an online IT ticketing platform for resource requests.,It supports automatic code validation services.,It provides the ability to programmatically provision existing resources.,It automates the resource request process from a company’s IT vendor list.,,['c'],,,,
pe-10,028,Which AWS services can be used to gather information about AWS account activity? (Select TWO),Amazon CloudFront.,AWS Cloud9.,AWS CloudTrail.,AWS CloudHSM.,Amazon CloudWatch.,"['c', 'e']",,,,
pe-10,029,Which of the following are characteristics of Amazon S3? (Select TWO),A global file system.,An object store.,A local file store.,A network file system.,A durable storage system.,"['b', 'e']",,,,
pe-10,030,A user wants guidance on possible savings when migrating from on-premises to AWS. Which tool is suitable for this scenario?,AWS Budgets.,Cost Explorer.,AWS Total Cost of Ownership (TCO) Calculator.,AWS Well-Architected Tool.,,['c'],,,,
pe-10,031,Which of the following services is in the category of AWS serverless platform?,Amazon EMR.,Elastic Load Balancing.,AWS Lambda.,AWS Mobile Hub.,,['c'],,,,
pe-10,032,The use of what AWS feature or service allows companies to track and categorize spending on a detailed level?,Cost allocation tags.,Consolidated billing.,AWS Budgets.,AWS Marketplace.,,['a'],,,,
pe-10,033,Which of the following inspects AWS environments to find opportunities that can save money for users and also improve system performance?,AWS Cost Explorer.,AWS Trusted Advisor.,Consolidated billing.,Detailed billing.,,['b'],,,,
pe-10,034,Web servers running on Amazon EC2 access a legacy application running in a corporate data center. What term would describe this model?,Cloud-native.,Partner network.,Hybrid architecture.,Infrastructure as a service.,,['c'],,,,
pe-10,035,What technology enables compute capacity to adjust as loads change?,Load balancing.,Automatic failover.,Round robin.,Auto Scaling.,,['d'],,,,
pe-10,036,Which AWS service is a managed NoSQL database?,Amazon Redshift.,Amazon DynamoDB.,Amazon Aurora.,Amazon RDS for ManaDB.,,['b'],,,,
pe-10,037,"Which of the following is a correct relationship between regions, Availability Zones, and edge locations?",Data centers contain regions.,Regions contain Availability Zones.,Availability Zones contain edge locations.,Edge locations contain regions.,,['b'],,,,
pe-10,038,What approach to transcoding a large number of individual video files adheres to AWS architecture principles?,Using many instances in parallel.,Using a single large instance during off-peak hours.,Using dedicated hardware.,Using a large GPU instance type.,,['a'],,,,
pe-10,039,Which AWS services can host a Microsoft SQL Server database? (Select TWO),Amazon EC2.,Amazon Relational Database Service (Amazon RDS).,Amazon Aurora.,Amazon Redshift.,Amazon S3.,"['a', 'b']",,,,
pe-10,040,Which AWS IAM feature allows developers to access AWS services through the AWS CLI?,API keys.,Access keys.,User names/Passwords.,SSH keys.,,['b'],,,,
pe-10,041,The user is fully responsible for which action when running workloads on AWS?,Patching the infrastructure components.,Maintaining the underlying infrastructure components.,Maintaining physical and environmental controls.,Implementing controls to route application traffic.,,['d'],,,,
pe-10,042,Which AWS support plan includes a dedicated Technical Account Manager?,Developer.,Enterprise.,Business.,Basic.,,['b'],,,,
pe-10,043,What time-savings advantage is offered with the use of Amazon Rekognition?,Amazon Rekognition provides automatic watermarking of images.,Amazon Rekognition provides automatic detection of objects appearing in pictures.,Amazon Recognition provides the ability to resize millions of images automatically.,Amazon Rekognition uses Amazon Mechanical Turk to allow humans to bid on object detection jobs.,,['b'],,,,
pe-10,044,Which AWS service can be used to automatically scale an application up and down without making capacity planning decisions?,Amazon AutoScaling.,Amazon Redshift.,AWS CloudTrail.,AWS Lambda.,,['a'],,,,
pe-10,045,Amazon Relational Database Service (Amazon RDS) offers which of the following benefits over traditional database management?,AWS manages the data stored in Amazon RDS tables.,AWS manages the maintenance of the operating system.,AWS automatically scales up instance types on demand.,AWS manages the database type.,,['b'],,,,
pe-10,046,A company’s web application currently has light dependencies on underlying components so when one component fails the entire web application fails. Applying which AWS Cloud design principle will address the current design issue?,Implementing elasticity enabling the application to scale up or scale down as demand changes.,Enabling several EC2 instances to run in parallel to achieve better performance.,Focusing on decoupling components by isolating them and ensuring individual components can function when other components.,Doubling EC2 computing resources to increase system fault tolerance.,,['c'],,,,
pe-10,047,A customer would like to design and build a new workload on AWS Cloud but does not have the AWS-related software technical expertise in-house. Which of the following AWS programs can a customer take advantage of to achieve that outcome?,AWS Partner Network Technology Partners.,AWS Marketplace.,AWS Partner Network Consulting Partners.,AWS Service Catalog.,,['c'],,,,
pe-10,048,"Which service stores objects, provides real-time access to those objects, and offers versioning and lifecycle capabilities?",Amazon Glacier.,AWS Storage Gateway.,Amazon S3.,Amazon EBS.,,['c'],,,,
pe-10,049,Distributing workloads across multiple Availability Zones supports which cloud architecture design principle?,Implement automation.,Design for agility.,Design for failure.,Implement elasticity.,,['c'],,,,
pe-10,050,Which service should a customer use to consolidate and centrally manage multiple AWS accounts?,AWS IAM.,AWS Organizations.,AWS Schema Conversion Tool.,AWS Config.,,['b'],,,,
pe-11,001,How can a company reduce its Total Cost of Ownership (TCO) using AWS?,By minimizing large capital expenditures.,By having no responsibility for third-party license costs.,By having no operational expenditures.,By having AWS manage applications.,,['a'],,,,
pe-11,002,Which options does AWS make available for customers who want to learn about security in the cloud in an instructor-led setting? (Select TWO),AWS Trusted Advisor.,AWS Online Tech Talks.,AWS Blog.,AWS Forums.,AWS Classroom Training.,"['b', 'e']",,,,
pe-11,003,Which of the following will enhance the security of access to the AWS Management Console’? (Select TWO),AWS Secrets Manager.,AWS Certificate Manager.,AWS Multi-Factor Authentication (AWS MFA).,Security groups.,Password policies.,"['c', 'e']",,,,
pe-11,004,Which of the following features can be configured through the Amazon Virtual Private Cloud (Amazon VPC) Dashboard? (Select TWO),Amazon CloudFront distributions.,Amazon Route 53.,Security Groups.,Subnets.,Elastic Load Balancing.,"['c', 'd']",,,,
pe-11,005,For which auditing process does AWS have sole responsibility?,AWS IAM policies.,Physical security.,Amazon S3 bucket policies.,AWS CloudTrail Logs.,,['b'],,,,
pe-11,006,Which of the following are advantages of AWS consolidated billing? (Select TWO),The ability to receive one bill for multiple accounts.,Service limits increasing by default in all accounts.,A fixed discount on the monthly bill.,"Potential volume discounts, as usage in all accounts is combined.",The automatic extension of the master account’s AWS support plan to all accounts.,"['a', 'd']",,,,
pe-11,007,Which of the following common IT tasks can AWS cover to free up company IT resources? (Select TWO),Patching databases software.,Testing application releases.,Backing up databases.,Creating database schema.,Running penetration tests.,"['a', 'c']",,,,
pe-11,008,A company wants to expand from one AWS Region into a second AWS Region. What does the company need to do to start supporting the new Region?,Contact an AWS Account Manager to sign a new contract.,Move an Availability Zone to the new Region.,Begin deploying resources in the second Region.,Download the AWS Management Console for the new Region.,,['c'],,,,
pe-11,009,Why is it beneficial to use Elastic Load Balancers with applications?,They allow for the conversion from Application Load.,Balancers to Classic Load Balancers.,They are capable of handling constant changes in network traffic patterns.,They automatically adjust capacity. They are provided at no charge to users.,,['c'],,,,
pe-11,010,Which is the MINIMUM AWS Support plan that allows for one-hour target response time for support cases?,Enterprise.,Business.,Developer,Basic,,['b'],,,,
pe-11,011,"What is the lowest-cost, durable storage option for retaining database backups for immediate retrieval?",Amazon S3.,Amazon Glacier.,Amazon EBS.,Amazon EC2 Instance Store.,,['a'],,,,
pe-11,012,What AWS team assists customers with accelerating cloud adoption through paid engagements in any of several specialty practice areas?,AWS Enterprise Support.,AWS Solutions Architects.,AWS Professional Services.,AWS Account Managers.,,['c'],,,,
pe-11,013,A company needs 24/7 phone email and chat access with a response time of less than 1 hour if a production system has a service interruption Which AWS Support plan meets these requirements at the LOWEST cost?,Basic.,Developer.,Business.,Enterprise.,,['c'],,,,
pe-11,014,"If a customer needs to audit the change management of AWS resources, which of the following AWS services should the customer use?",AWS Config.,AWS Trusted Advisor.,Amazon CloudWatch.,Amazon Inspector.,,['a'],,,,
pe-11,015,How does AWS Trusted Advisor provide guidance to users of the AWS Cloud? (Select TWO),It identifies software vulnerabilities in applications running on AWS.,It provides a list of cost optimization recommendations based on current AWS usage.,It detects potential security vulnerabilities caused by permissions settings on account resources.,It automatically corrects potential security issues caused by permissions settings on account resources.,It provides proactive alerting whenever an Amazon EC2 instance has been compromised.,"['b', 'c']",,,,
pe-11,016,Which AWS managed service is used to host databases?,AWS Batch.,AWS Artifact.,AWS Data Pipeline.,Amazon RDS.,,['d'],,,,
pe-11,017,Which of the following Identity and Access Management (IAM) entities is associated with an access key ID and secret access key when using AWS Command Line Interface (AWS CLI)?,IAM group.,IAM user.,IAM role.,IAM policy.,,['b'],,,,
pe-11,018,"Under the shared responsibility model, which of the following is the customer responsible for?",Ensuring that disk drives are wiped after use.,Ensuring that firmware is updated on hardware devices.,Ensuring that data is encrypted at rest.,Ensuring that network cables are category six or higher.,,['c'],,,,
pe-11,019,Which AWS service provides a simple and scalable shared file storage solution for use with Linux-based AWS and on-premises servers?,Amazon S3.,Amazon Glacier.,Amazon EBS.,Amazon EFS.,,['d'],,,,
pe-11,020,What credential components are required to gain programmatic access to an AWS account? (Select TWO),An access key ID.,A primary key.,A secret access key.,A user ID.,A secondary key.,"['a', 'c']",,,,
pe-11,021,Which of the following is a shared control between the customer and AWS?,Providing a key for Amazon S3 client-side encryption.,Configuration of an Amazon EC2 instance.,Environmental controls of physical AWS data centers.,Awareness.,,['d'],,,,
pe-11,022,Which type of AWS storage is ephemeral and is deleted when an instance is stopped Of terminated?,Amazon EBS.,Amazon EC2 instance store.,Amazon EFS.,Amazon S3.,,['b'],,,,
pe-11,023,Which of the following is an advantage of consolidated billing on AWS?,Volume pricing qualification.,Shared access permissions.,Multiple bills per account.,Eliminates the need for tagging.,,['a'],,,,
pe-11,024,Which services are parts of the AWS serverless platform?,"Amazon EC2, Amazon S3, Amazon Athena.","Amazon Kinesis, Amazon SQS, Amazon EMR.","AWS Step Functions, Amazon DynamoDB, Amazon SNS.","Amazon Athena, Amazon Cognito, Amazon EC2.",,['c'],,,,
pe-11,025,Which of the following Amazon EC2 pricing models allow customers to use existing server-bound software licenses?,Spot Instances.,Reserved Instances.,Dedicated Hosts.,On-Demand Instances.,,['c'],,,,
pe-11,026,Which of the following security measures protect access to an AWS account? (Select TWO),Enable AWS CloudTrail.,Grant least privilege access to IAM users.,Create one IAM user and share with many developers and users.,Enable Amazon CloudFront.,Activate multi-factor authentication (MFA) for privileged users.,"['b', 'e']",,,,
pe-11,027,Which AWS service provides the ability to manage infrastructure as code?,AWS CodePipeline.,AWS CodeDeploy.,AWS Direct Connect.,AWS CloudFormation.,,['d'],,,,
pe-11,028,What is an advantage of deploying an application across multiple Availability Zones?,There is a lower risk of service failure if a natural disaster causes a service disruption in a given AWS Region.,The application will have higher availability because it can withstand a service disruption in one Availability Zone.,There will be better coverage as Availability Zones are geographical^ distant and can serve a wider area.,There will be decreased application latency that will improve the user experience.,,['b'],,,,
pe-11,029,A customer needs to run a MySQL database that easily scales. Which AWS service should they use?,Amazon Aurora.,Amazon Redshift.,Amazon DynamoDB.,Amazon ElastiCache.,,['a'],,,,
pe-11,030,Which of the following is an AWS Cloud architecture design principle?,Implement single points of failure.,Implement loose coupling.,Implement monolithic design.,Implement vertical scaling.,,['b'],,,,
pe-11,031,AWS Enterprise Support users have access to which service or feature that is not available to users with other AWS Support plans?,AWS Trusted Advisor.,AWS Support case.,Concierge team.,Amazon Connect.,,['c'],,,,
pe-11,032,A company will be moving from an on-premises data center to the AWS Cloud. What would be one financial difference after the move?,Moving from variable operational expense ( opex ) to upfront capital expense (capex).,Moving from upfront capital expense (capex) to variable capital expense (capex).,Moving from upfront capital expense (capex) to variable operational expense ( opex ).,Elimination of upfront capital expense (capex) and elimination of variable operational expense ( opex ).,,['c'],,,,
pe-11,033,"When performing a cost analysis that supports physical isolation of a customer workload, which compute hosting model should be accounted for in the Total Cost of Ownership (TCO)?",Dedicated Hosts,Reserved Instances,On-Demand Instances,No Upfront Reserved Instances,,['a'],,,,
pe-11,034,"Which AWS service should be used for long-term, low-cost storage of data backups?",Amazon RDS.,Amazon Glacier.,AWS Snowball.,AWS EBS.,,['b'],,,,
pe-11,035,Which is the MINIMUM AWS Support plan that provides technical support through phone calls?,Enterprise.,Business.,Developer.,Basic.,,['b'],,,,
pe-11,036,Which Amazon EC2 instance pricing model can provide discounts of up to 90%?,Reserved Instances.,On-Demand.,Dedicated Hosts.,Spot Instances.,,['d'],,,,
pe-11,037,Which of the following AWS services can be used to serve large amounts of online video content with the lowest possible latency? (Select TWO),appGateway.,Amazon S3.,Amazon Elastic File System (EFS).,Amazon Glacier.,Amazom CloudFront.,"['b', 'e']",,,,
pe-11,038,What can AWS edge locations be used for? (Select TWO),Hosting applications.,Delivering content closer to users.,Running NoSQL database caching services.,Reducing traffic on the server by caching responses.,Sending notification messages to end users.,"['b', 'd']",,,,
pe-11,039,A company is planning to migrate from on-premises to the AWS Cloud. When AWS tool or service provides detailed reports on estimated cost savings after migration?,AWS Total Cost of Ownership (TCO) Calculator.,Cost Explorer.,AWS Budgets.,AWS Migration Hub.,,['a'],,,,
pe-11,040,Which AWS service provides a customized view of the health of specific AWS services that power a customer’s workloads running on AWS?,AWS Service Health Dashboard.,AWS X-Ray.,AWS Personal Health Dashboard.,Amazon CloudWatch.,,['c'],,,,
pe-11,041,One of the advantages to moving infrastructure from an on-premises data center to the AWS Cloud is:,It allows the business to eliminate IT bills.,It allows the business to put a server in each customer’s data center.,It allows the business to focus on business activities.,It allows the business to leave servers unpatched.,,['c'],,,,
pe-11,042,How can an AWS user with an AWS Basic Support plan obtain technical assistance from AWS?,AWS Senior Support Engineers.,AWS Technical Account Managers.,AWS Trusted Advisor.,AWS Discussion Forums.,,['d'],,,,
pe-11,043,How can a user protect against AWS service disruptions if a natural disaster affects an entire geographic area?,Deploy applications across multiple Availability Zones within an AWS Region.,Use a hybrid cloud computing deployment model within the geographic area.,Deploy applications across multiple AWS Regions.,Store application artifacts using AWS Artifact and replicate them across multiple AWS Regions.,,['c'],,,,
pe-11,044,Which activity is a customer responsibility in the AWS Cloud according to the AWS shared responsibility model?,Ensuring network connectivity from AWS to the internet.,Patching and fixing flaws within the AWS Cloud infrastructure.,Ensuring the physical security of cloud data centers.,Ensuring Amazon EBS volumes are backed up.,,['d'],,,,
pe-11,045,In which scenario should Amazon EC2 Spot Instances be used?,A company wants to move its main website to AWS from an on-premises web server.,A company has a number of application services whose Service Level Agreement (SLA) requires 99.999% uptime.,A company’s heavily used legacy database is currently running on-premises.,"A company has a number of infrequent, interruptible jobs that are currently using On-Demand Instances.",,['d'],,,,
pe-11,046,A customer is deploying a new application and needs to choose an AWS Region. Which of the following factors could influence the customer’s decision? (Select TWO),Reduced latency to users.,The application’s presentation in the local language.,Data sovereignty compliance.,Cooling costs in hotter climates.,Proximity to the customer’s office for on-site visits.,"['a', 'c']",,,,
pe-11,047,Which AWS service provides alerts when an AWS event may impact a company’s AWS resources?,AWS Personal Health Dashboard.,AWS Service Health Dashboard.,AWS Trusted Advisor.,AWS Infrastructure Event Management.,,['a'],,,,
pe-11,048,Which disaster recovery scenario offers the lowest probability of down time?,Backup and restore.,Pilot light.,Warm standby.,Multi-site active-active.,,['d'],,,,
pe-11,049,Which service’s PRIMARY purpose is software version control?,Amazon CodeStar.,AWS Command Line Interface (AWS CLI).,Amazon Cognito.,AWS CodeCommit.,,['d'],,,,
pe-11,050,How can a customer increase security to AWS account logons? (Select TWO),Configure AWS Certificate Manager,Enable Multi-Factor Authentication (MFA),Use Amazon Cognito to manage access,Configure a strong password policy,Enable AWS Organizations,"['b', 'd']",,,,
pe-12,001,Which of the following components of the AWS Global Infrastructure consists of one or more discrete data centers interconnected through low latency links?,Availability Zone,Edge location,Region,Private networking,,['a'],,,,
pe-12,002,One benefit of On-Demand Amazon Elastic Compute Cloud (Amazon EC2) pricing is:,The ability to bid for a lower hourly cost.,Paying a daily rate regardless of time used.,Paying only for time used.,Pre-paying for instances and paying a lower hourly rate.,,['c'],,,,
pe-12,003,What can assist in evaluating an application for migration to the cloud? (Select TWO),AWS Trusted Advisor.,AWS Professional Services.,AWS Systems Manager.,AWS Partner Network (APN).,AWS Secrets Manager.,"['b', 'd']",,,,
pe-12,004,A characteristic of edge locations is that they:,Host Amazon EC2 instances closer to users.,Help lower latency and improve performance for users.,Cache frequently changing data without reaching the origin server.,Refresh data changes daily.,,['b'],,,,
pe-12,005,Which of the following are valid ways for a customer to interact with AWS services? (Select TWO),Command line interface.,On-premises.,Software Development Kits.,Software-as-a-service.,Hybrid.,"['a', 'c']",,,,
pe-12,006,What is a value proposition of the AWS Cloud?,AWS is responsible for security in the AWS Cloud.,No long-term contract is required.,Provision new servers in days.,AWS manages user applications in the AWS Cloud.,,['b'],,,,
pe-12,007,A company is migrating an application that is running non-interruptible workloads for a three-year time frame. Which pricing construct would provide the MOST cost-effective solution?,Amazon EC2 Spot Instances.,Amazon EC2 Dedicated Instances.,Amazon EC2 On-Demand Instances.,Amazon EC2 Reserved Instances.,,['d'],,,,
pe-12,008,"Which AWS service is used to track record, and audit configuration changes made to AWS resources?",AWS Shield.,AWS Config.,AWS IAM.,Amazon Inspector.,,['b'],,,,
pe-12,009,Which feature of the AWS Cloud will support an international company’s requirement for low latency to all of its customers?,Fault tolerance.,Global reach.,Pay-as-you-go pricing.,High availability.,,['b'],,,,
pe-12,010,How can one AWS account use Reserved Instances from another AWS account?,By using Amazon EC2 Dedicated Instances.,By using AWS Organizations consolidated billing.,By using the AWS Cost Explorer tool.,By using AWS Budgets.,,['b'],,,,
pe-12,011,What are the benefits of developing and running a new application in the AWS Cloud compared to on-premises? (Select TWO),AWS automatically distributes the data globally for higher durability.,AWS will take care of operating the application.,AWS makes it easy to architect for high availability.,AWS can easily accommodate application demand changes.,AWS takes care of application security patching.,"['c', 'd']",,,,
pe-12,012,"Which of the following services falls under the responsibility of the customer to maintain operating system configuration, security patching, and networking?",Amazon RDS.,Amazon EC2.,Amazon ElastiCache.,AWS Fargate.,,['b'],,,,
pe-12,013,AWS supports which of the following methods to add security to Identity and Access Management (IAM) users? (Select TWO),Implementing Amazon Rekognition.,Using AWS Shield-protected resources.,Blocking access with Security Groups.,Using Multi-Factor Authentication (MFA).,Enforcing password strength and expiration.,"['d', 'e']",,,,
pe-12,014,Which service provides a hybrid storage service that enables on-premises applications to seamlessly use cloud storage?,Amazon Glacier,AWS Snowball,AWS Storage Gateway,Amazon Elastic Block Storage (Amazon EBS),,['c'],,,,
pe-12,015,"Where should a company go to search software listings from independent software vendors to find, test, buy and deploy software that runs on AWS?",AWS Marketplace.,Amazon Lumberyard.,AWS Artifact.,Amazon CloudSearch.,,['a'],,,,
pe-12,016,Which of the following is a component of the AWS Global Infrastructure?,Amazon Alexa.,AWS Regions.,Amazon Lightsail.,AWS Organizations.,,['b'],,,,
pe-12,017,Which Amazon EC2 pricing model adjusts based on supply and demand of EC2 instances?,On-Demand Instances.,Reserved Instances.,Spot Instances.,Convertible Reserved Instances.,,['c'],,,,
pe-12,018,A company wants to migrate its applications to a VPC on AWS These applications will need to access on-premises resources. What combination of actions will enable the company to accomplish this goals? (Select TWO),Use the AWS Service Catalog to identify a list of on-premises resources that can be migrated,Build a VPN connection between an on-premises device and a virtual private gateway in the new VPC,Use Amazon Athena to query data from the on-premises database servers,Connect the company’s on-premises data center to AWS using AWS Direct Connect,Leverage Amazon CloudFront to restrict access to static web content provided through the company’s on-premises web servers,"['b', 'd']",,,,
pe-12,019,A Cloud Practitioner must determine if any security groups in an AWS account have been provisioned to allow unrestricted access for specific ports. What is the SIMPLEST way to do this?,Review the inbound rules for each security group in the Amazon EC2 management console to check for port 0.0.0.0/0.,Run AWS Trusted Advisor and review the findings.,Open the AWS IAM console and check the inbound rule filters for open access.,"In AWS Config, create a custom rule that invokes an AWS Lambda function to review firewall rules for inbound access.",,['b'],,,,
pe-12,020,Which of the following security-related services does AWS offer? (Select TWO),Multi-factor authentication physical tokens.,AWS Trusted Advisor security checks.,Data encryption.,Automated penetration testing.,Amazon S3 copyrighted content detection.,"['b', 'c']",,,,
pe-12,021,Which of the following services have Distributed Denial of Service (DDoS) mitigation features? (Select TWO),AWS WAF.,Amazon DynamoDB.,Amazon EC2.,Amazon CloudFront.,Amazon Inspector.,"['a', 'd']",,,,
pe-12,022,Which of the following AWS features enables a user to launch a pre-configured Amazon Elastic Compute Cloud (Amazon EC2) instance?,Amazon Elastic Block Store (Amazon EBS).,Amazon Machine Image.,Amazon EC2 Systems Manager.,Amazon AppStream 2.0.,,['b'],,,,
pe-12,023,"A solution that is able to support growth in users, traffic, or data size with no drop in performance aligns with which cloud architecture principle?",Think parallel.,Implement elasticity.,Decouple your components.,Design for failure.,,['b'],,,,
pe-12,024,Which AWS Cloud benefit eliminates the need for users to try estimating future infrastructure usage?,Easy and fast deployment of applications in multiple Regions around the world.,Security of the AWS Cloud.,Elasticity of the AWS Cloud.,Lower variable costs due to massive economies of scale.,,['c'],,,,
pe-12,025,What can users access from AWS Artifact?,AWS security and compliance documents.,A download of configuration management details for all AWS resources.,Training materials for AWS services.,A security assessment of the applications deployed in the AWS Cloud.,,['a'],,,,
pe-12,026,"Compared with costs in traditional and virtualized data centers, AWS has:",Greater variable costs and greater upfront costs.,Fixed usage costs and lower upfront costs.,Lower variable costs and greater upfront costs.,Lower variable costs and lower upfront costs.,,['d'],,,,
pe-12,027,Which AWS service would a customer use with a static website to achieve tower latency and high transfer speeds?,AWS Lambda.,Amazon DynamoDB Accelerator.,Amazon Route 53.,Amazon CloudFront.,,['d'],,,,
pe-12,028,How do Amazon EC2 Auto Scaling groups help achieve high availability for a web application?,They automatically add more instances across multiple AWS Regions based on global demand of the application.,They automatically add or replace instances across multiple Availability Zones when the application needs it.,They enable the application’s stalk: content to reside closer to end users.,They are able to distribute incoming requests across a tier of web server instances.,,['b'],,,,
pe-12,029,Which of the following can limit Amazon Simple Storage Service (Amazon S3) bucket access to specific users?,A public and private key-pair.,Amazon Inspector.,AWS Identity and Access Management (IAM) policies.,Security Groups.,,['c'],,,,
pe-12,030,How should a customer forecast the future costs for running a new web application?,Amazon Aurora Backtrack.,Amazon CloudWatch Billing Alarms.,AWS Simple Monthly Calculator.,AWS Cost and Usage report.,,['c'],,,,
pe-12,031,"Where are AWS compliance documents, such as an SOC 1 report, located?",Amazon Inspector.,AWS CloudTrail.,AWS Artifact.,AWS Certificate Manager.,,['c'],,,,
pe-12,032,Which of the following tasks is the responsibility of AWS?,Encrypting client-side data.,Configuring AWS Identity and Access Management (IAM) roles.,Securing the Amazon EC2 hypervisor.,Setting user password policies.,,['c'],,,,
pe-12,033,Under the shared responsibility model which of the following areas are the customer’s responsibility? (Select TWO),Firmware upgrades of network infrastructure.,Patching of operating systems.,Patching of the underlying hypervisor.,Physical security of data centers.,Configuration of the security group.,"['b', 'e']",,,,
pe-12,034,A company is looking for a scalable data warehouse solution. Which of the following AWS solutions would meet the company’s needs?,Amazon Simple Storage Service (Amazon S3).,Amazon DynamoDB.,Amazon Kinesis.,Amazon Redshift.,,['d'],,,,
pe-12,035,Much AWS services provide a way to extend an on-premises architecture to the AWS Cloud? (Select TWO),Amazon EBS.,AWS Direct Connect.,Amazon CloudFront.,AWS Storage Gateway.,Amazon Connect.,"['b', 'd']",,,,
pe-12,036,What are the advantages of the AWS Cloud (Select TWO),Fixed rate monthly cost.,No need to guess capacity requirements.,Increased speed to market.,Increased upfront capital expenditure.,Physical access to cloud data centers.,"['b', 'c']",,,,
pe-12,037,How can the AWS Cloud increase user workforce productivity after migration from an on-premises data center?,Users do not have to wait for infrastructure provisioning.,The AWS Cloud infrastructure is much faster than an on-premises data center infrastructure.,AWS takes over application configuration management on behalf of users.,Users do not need to address security and compliance issues.,,['a'],,,,
pe-12,038,Which of the following services could be used to deploy an application to servers running on-premises? (Select TWO),AWS Elastic Beanstalk.,AWS OpsWorks.,AWS CodeDeploy.,AWS Batch.,AWS X-Ray.,"['b', 'c']",,,,
pe-12,039,What is an example of agility in the AWS Cloud?,Access to multiple instance types.,Access to managed services.,Using Consolidated Billing to produce one bill.,Decreased acquisition time for new compute resources.,,['d'],,,,
pe-12,040,Which AWS security service protects applications from distributed denial of service attacks with always-on detection and automatic inline mitigations?,Amazon Inspector.,AWS Web Application Firewall (AWS WAF).,Elastic Load Balancing (ELB).,AWS Shield.,,['d'],,,,
pe-12,041,Which of the following are advantages of AWS consolidated billing? (Choose two),The ability to receive one bill for multiple accounts.,Service limits increasing by default in all accounts.,A fixed discount on the monthly bill.,"Potential volume discounts, as usage in all accounts is combined.",The automatic extension of the master account’s AWS support plan to all accounts.,"['a', 'd']",,,,
pe-12,042,A company is considering using AWS for a self-hosted database that requires a nightly shutdown for maintenance and cost-saving purposes. Which service should the company use?,Amazon Redshift.,Amazon DynamoDB.,Amazon Elastic Compute Cloud (Amazon EC2) with Amazon EC2 instance store.,Amazon EC2 with Amazon Elastic Block Store (Amazon EBS).,,['d'],,,,
pe-13,001,The use of what AWS feature or service allows companies to track and categorize spending on a detailed level?,Cost allocation tags,Consolidated billing,AWS Budgets,AWS Marketplace,,['a'],,https://docs.aws.amazon.com/awsaccountbilling/latest/aboutv2/cost-alloc-tags.html,,
pe-13,002,"Which service stores objects, provides real-time access to those objects, and offers versioning and lifecycle capabilities?",Amazon Glacier,AWS Storage Gateway,Amazon S3,Amazon EBS,,['c'],,https://aws.amazon.com/s3/faqs/,,
pe-13,003,What AWS team assists customers with accelerating cloud adoption through paid engagements in any of several specialty practice area ?,AWS Enterprise Support,AWS Solutions Architects,AWS Professional Services,AWS Account Managers,,['c'],,https://aws.amazon.com/professional-services/,,
pe-13,004,A customer would like to design and build a new workload on AWS Cloud but does not have the AWS-related software technical expertise in-house. <br/>Which of the following AWS programs can a customer take advantage of to achieve that outcome?,AWS Partner Network Technology Partners,AWS Marketplace,AWS Partner Network Consulting Partners,AWS Service Catalog,,['c'],,,,
pe-13,005,Distributing workloads across multiple Availability Zones supports which cloud architecture design principle?,Implement automation.,Design for agility.,Design for failure.,Implement elasticity.,,['c'],,,,
pe-13,006,Which AWS services can host a Microsoft SQL Server database? (Select TWO),Amazon EC2,Amazon Relational Database Service (Amazon RDS),Amazon Aurora,Amazon Redshift,Amazon S3,"['a', 'b']",,https://aws.amazon.com/sql/,,
pe-13,007,Which of the following inspects AWS environments to find opportunities that can save money for users and also improve system performance ?,AWS Cost Explorer,AWS Trusted Advisor,Consolidated billing,Detailed billing,,['b'],,,,
pe-13,008,Which of the following Amazon EC2 pricing models allow customers to use existing server-bound software license ?,Spot Instances,Reserved Instances,Dedicated Hosts,On-Demand Instances,,['c'],,https://aws.amazon.com/ec2/pricing/,,
pe-13,009,Which AWS characteristics make AWS cost effective for a workload with dynamic user demand? (Select TWO),High availability,Shared security model,Elasticity,Pay-as-you-go pricing,Reliability,"['c', 'd']",,,,
pe-13,010,"Which service enables risk auditing by continuously monitoring and logging account activity, including user actions in the AWS Management Console and AWS SDKs?",Amazon CloudWatch,AWS CloudTrail,AWS Config,AWS Health,,['b'],,https://aws.amazon.com/cloudtrail/,,
pe-13,011,Which of the following are characteristics of Amazon S3? (Select TWO.),A global file system,An object store,A local file store,A network file system,A durable storage system,"['b', 'e']",,,,
pe-13,012,Which services can be used across hybrid AWS Cloud architectures? (Select TWO.),Amazon Route 53,Virtual Private Gateway,Classic Load Balancer,Auto Scaling,Amazon CloudWatch default metrics,"['a', 'b']",,https://aws.amazon.com/cloudwatch/,,
pe-13,013,What costs are included when comparing AWS Total Cost of Ownership (TCO) with on-premises TCO?,Project management,Antivirus software licensing,Data center security,Software development,,['c'],,https://media.amazonwebservices.com/AWS_TCO_Web_Applications.pdf,,
pe-13,014,A company is considering using AWS for a self-hosted database that requires a nightly shutdown for maintenance and cost-saving purposes. <br/> Which service should the company use?,Amazon Redshift,Amazon DynamoDB,Amazon Elastic Compute Cloud (Amazon EC2) with Amazon EC2 instance store,Amazon EC2 with Amazon Elastic Block Store (Amazon EBS),,['d'],,,,
pe-13,015,"Which of the following is a correct relationship between regions, Availability Zones, and edge locations?",Data centers contain regions.,Regions contain Availability Zones.,Availability Zones contain edge locations.,Edge locations contain regions.,,['b'],,https://aws.amazon.com/about-aws/global-infrastructure/regions_az/#Region_Maps_and_Edge_Networks,,
pe-13,016,Which AWS tools assist with estimating costs? (Select three.),Detailed billing report,Cost allocation tags,AWS Simple Monthly Calculator,AWS Total Cost of Ownership (TCO) Calculator,Cost Eliminator,"['b', 'c', 'd']",,https://aws.amazon.com/premiumsupport/knowledge-center/estimating-aws-resource-costs/,,
pe-13,017,Which of the following are advantages of AWS consolidated billing? (Select TWO.),The ability to receive one bill for multiple accounts,Service limits increasing by default in all accounts,A fixed discount on the monthly bill,"Potential volume discounts, as usage in all accounts is combined",The automatic extension of the master account's AWS support plan to all accounts,"['a', 'd']",,https://docs.aws.amazon.com/awsaccountbilling/latest/aboutv2/consolidated-billing.html,,
pe-13,018,Which of the following Reserved Instance (RI) pricing models provides the highest average savings compared to On-Demand pricing?,"One-year, No Upfront, Standard RI pricing","One-year, All Upfront, Convertible RI pricing","Three-year, All Upfront, Standard RI pricing","Three-year, No Upfront, Convertible RI pricing",,['c'],,https://aws.amazon.com/ec2/pricing/reserved-instances/pricing/,,
pe-13,019,"Compared with costs in traditional and virtualized data centers, AWS has:",greater variable costs and greater upfront costs.,fixed usage costs and lower upfront costs.,lower variable costs and greater upfront costs.,lower variable costs and lower upfront costs.,,['d'],(10),https://d1.awsstatic.com/whitepapers/introduction-to-aws-cloud-economics-final.pdf,,
pe-13,020,A characteristic of edge locations is that they:,host Amazon EC2 instances closer to users.,help lower latency and improve performance for users.,cache frequently changing data without reaching the origin server.,refresh data changes daily.,,['b'],,,,
pe-13,021,Which of the following can limit Amazon Storage Service (Amazon S3) bucket access to specific users?,A public and private key-pair,Amazon Inspector,AWS Identity and Access Management (IAM) policies,Security Groups,,['c'],,https://aws.amazon.com/blogs/security/how-to-restrict-amazon-s3-bucket-access-to-a-specific-iam-role/,,
pe-13,022,Which of the following security-related actions are available at no cost?,Calling AWS Support,Contacting AWS Professional Services to request a workshop,"Accessing forums, blogs, and whitepapers",Attending AWS classes at a local university,,['c'],,,,
pe-13,023,Which of the Reserved Instance (RI) pricing models can change the attributes of the RI as long as the exchange results in the creation of RIs of equal or greater value?,Dedicated RIs,Scheduled RIs,Convertible RIs,Standard RIs,,['c'],,https://aws.amazon.com/ec2/pricing/reserved-instances/,,
pe-13,024,Which AWS feature will reduce the customer's total cost of ownership (TCO)?,Shared responsibility security model,Single tenancy,Elastic computing,Encryption,,['c'],,,,
pe-13,025,Which of the following services will automatically scale with an expected increase in web traffic?,AWS CodePipeline,Elastic Load Balancing,Amazon EBS,AWS Direct Connect,,['b'],,https://aws.amazon.com/elasticloadbalancing/,,
pe-13,026,"Where are AWS compliance documents, such as an SOC 1 report, located?",Amazon Inspector,AWS CloudTrail,AWS Artifact,AWS Certificate Manager,,['c'],,https://aws.amazon.com/compliance/soc-faqs/,,
pe-13,027,"Under the AWS shared responsibility model, which of the following activities are the customer's responsibility? (Select TWO.)",Patching operating system components for Amazon Relational Database Server (Amazon RDS),Encrypting data on the client-side,Training the data center staff,Configuring Network Access Control Lists (ACL),Maintaining environmental controls within a data center,"['b', 'd']",,https://aws.amazon.com/compliance/shared-responsibility-model/,,
pe-13,028,Which is a recommended pattern for designing a highly available architecture on AWS?,Ensure that components have low-latency network connectivity.,Run enough Amazon EC2 instances to operate at peak load.,Ensure that the application is designed to accommodate failure of any single component.,Use a monolithic application that handles all operations.,,['c'],,,,
pe-13,029,"According to best practices, how should an application be designed to run in the AWS Cloud?",Use tightly coupled components.,Use loosely coupled components.,Use infrequently coupled components.,Use frequently coupled components.,,['b'],,https://d1.awsstatic.com/whitepapers/AWS_Cloud_Best_Practices.pdf,,
pe-13,030,AWS supports which of the following methods to add security to Identity and Access Management (IAM) users? (Select TWO.),Implementing Amazon Rekognition,Using AWS Shield-protected resources,Blocking access with Security Groups,Using Multi-Factor Authentication (MFA),Enforcing password strength and expiration,"['d', 'e']",,,,
pe-13,031,Which AWS services should be used for read/write of constantly changing data? (Select TWO.),Amazon Glacier,Amazon RDS,AWS Snowball,Amazon Redshift,Amazon EFS,"['b', 'e']",,,,
pe-13,032,What is one of the advantages of the Amazon Relational Database Service (Amazon RDS)?,It simplifies relational database administration tasks.,It provides 99.99999999999% reliability and durability.,It automatically scales databases for loads.,It enabled users to dynamically adjust CPU and RAM resources.,,['a'],"- In the main RDS page though, Lower administrative burden is listed as part of the benefits.",,,
pe-13,033,A customer needs to run a MySQL database that easily scales.<br/>Which AWS service should they use?,Amazon Aurora,Amazon Redshift,Amazon DynamoDB,Amazon ElastiCache,,['a'],,https://aws.amazon.com/rds/aurora/serverless/,,
pe-13,034,Which of the following components of the AWS Global Infrastructure consists of one or more discrete data centers interconnected through low latency links?,Availability Zone,Edge location,Region,Private networking,,['a'],,https://docs.aws.amazon.com/whitepapers/latest/aws-overview/global-infrastructure.html,,
pe-13,035,Which of the following is a shared control between the customer and AWS?,Providing a key for Amazon S3 client-side encryption,Configuration of an Amazon EC2 instance,Environmental controls of physical AWS data centers,Awareness and training,,['d'],,https://aws.amazon.com/compliance/shared-responsibility-model/,,
pe-13,036,How many Availability Zones should compute resources be provisioned across to achieve high availability?,A minimum of one,A minimum of two,A minimum of three,A minimum of four or more,,['b'],,,,
pe-13,037,One of the advantages to moving infrastructure from an on-premises data center to the AWS Cloud is:,it allows the business to eliminate IT bills.,it allows the business to put a server in each customer's data center.,it allows the business to focus on business activities.,it allows the business to leave servers unpatched.,,['c'],,,,
pe-13,038,"What is the lowest-cost, durable storage option for retaining database backups for immediate retrieval?",Amazon S3,Amazon Glacier,Amazon EBS,Amazon EC2 Instance Store,,['a'],,,,
pe-13,039,Which AWS IAM feature allows developers to access AWS services through the AWS CLI?,API keys,Access keys,User names/Passwords,SSH keys,,['b'],,https://docs.aws.amazon.com/IAM/latest/UserGuide/id_credentials_access-keys.html,,
pe-13,040,Which of the following is a fast and reliable NoSQL database service?,Amazon Redshift,Amazon RDS,Amazon DynamoDB,Amazon S3,,['c'],,https://aws.amazon.com/dynamodb/,,
pe-13,041,What is an example of agility in the AWS Cloud?,Access to multiple instance types,Access to managed services,Using Consolidated Billing to produce one bill,Decreased acquisition time for new compute resources,,['d'],,https://aws.amazon.com/blogs/enterprise-strategy/risk-is-lack-of-agility/,,
pe-13,042,Which service should a customer use to consolidate and centrally manage multiple AWS accounts?,AWS IAM,AWS Organizations,AWS Schema Conversion Tool,AWS Config,,['b'],,https://aws.amazon.com/organizations/,,
pe-13,043,What approach to transcoding a large number of individual video files adheres to AWS architecture principles?,Using many instances in parallel,Using a single large instance during off-peak hours,Using dedicated hardware,Using a large GPU instance type,,['a'],,https://aws.amazon.com/solutions/case-studies/encoding/,,
pe-13,044,For which auditing process does AWS have sole responsibility?,AWS IAM policies,Physical security,Amazon S3 bucket policies,AWS CloudTrail Logs,,['b'],,,,
pe-13,045,Which feature of the AWS Cloud will support an international company's requirement for low latency to all of its customers?,Fault tolerance,Global reach,Pay-as-you-go pricing,High availability,,['b'],- Global Reach will support an international company using Cloud-Front.,,,
pe-13,046,Which of the following is the customer's responsibility under the AWS shared responsibility model?,Patching underlying infrastructure,Physical security,Patching Amazon EC2 instances,Patching network infrastructure,,['c'],,https://aws.amazon.com/compliance/shared-responsibility-model/,,
pe-13,047,A customer is using multiple AWS accounts with separate billing. <br/>How can the customer take advantage of volume discounts with minimal impact to the AWS resources?,Create one global AWS account and move all AWS resources to that account.,Sign up for three years of Reserved Instance pricing up front.,Use the consolidated billing feature from AWS Organizations.,Sign up for the AWS Enterprise support plan to get volume discounts.,,['c'],,https://aws.amazon.com/answers/account-management/aws-multi-account-billing-strategy/,,
pe-13,048,Which of the following are features of Amazon CloudWatch Logs? (Select TWO.),Summaries by Amazon Simple Notification Service (Amazon SNS),Free Amazon Elasticsearch Service analytics,Provided at no charge,Real-time monitoring,Adjustable retention,"['d', 'e']",,,,
pe-13,049,Which of the following is an AWS managed Domain Name System (DNS) web service?,Amazon Route 53,Amazon Neptune,Amazon SageMaker,Amazon Lightsail,,['a'],,https://aws.amazon.com/getting-started/tutorials/get-a-domain/,,
pe-13,050,A customer is deploying a new application and needs to choose an AWS Region. <br/>Which of the following factors could influence the customer's decision? (Select TWO.),Reduced latency to users,The application's presentation in the local language,Data sovereignty compliance,Cooling costs in hotter climates,Proximity to the customer's office for on-site visits,"['a', 'c']",,,,
pe-14,001,Which storage service can be used as a low-cost option for hosting static websites?,Amazon Glacier,Amazon DynamoDB,Amazon Elastic File System (Amazon EFS),Amazon Simple Storage Service (Amazon S3),,['d'],,https://aws.amazon.com/getting-started/projects/host-static-website/,,
pe-14,002,Which Amazon EC2 instance pricing model can provide discounts of up to 90%?,Reserved Instances,On-Demand,Dedicated Hosts,Spot Instances,,['d'],,https://aws.amazon.com/ec2/spot/,,
pe-14,003,What is the AWS customer responsible for according to the AWS shared responsibility model?,Physical access controls,Data encryption,Secure disposal of storage devices,Environmental risk management,,['b'],,,,
pe-14,004,Which of the following AWS Cloud services can be used to run a customer-managed relational database?,Amazon EC2,Amazon Route 53,Amazon ElastiCache,Amazon DynamoDB,,['a'],,,,
pe-14,005,A company is looking for a scalable data warehouse solution. <br/> Which of the following AWS solutions would meet the company's needs?,Amazon Simple Storage Service (Amazon S3),Amazon DynamoDB,Amazon Kinesis,Amazon Redshift,,['d'],,https://aws.amazon.com/redshift/,,
pe-14,006,Which statement best describes Elastic Load Balancing?,It translates a domain name into an IP address using DNS.,It distributes incoming application traffic across one or more Amazon EC2 instances.,It collects metrics on connected Amazon EC2 instances.,It automatically adjusts the number of Amazon EC2 instances to support incoming traffic.,,['b'],,https://aws.amazon.com/elasticloadbalancing/,,
pe-14,007,Which of the following are valid ways for a customer to interact with AWS services? (Select TWO.),Command line interface,On-premises,Software Development Kits,Software-as-a-service,Hybrid,"['a', 'c']",,,,
pe-14,008,The AWS Cloud's multiple Regions are an example of:,agility.,global infrastructure.,elasticity.,pay-as-you-go pricing.,,['b'],,,,
pe-14,009,Which of the following AWS services can be used to serve large amounts of online video content with the lowest possible latency? (Select TWO.),AWS Storage Gateway,Amazon S3,Amazon Elastic File System (EFS),Amazon Glacier,Amazon CloudFront,"['b', 'e']",,https://aws.amazon.com/getting-started/tutorials/deliver-content-faster/,,
pe-14,010,Web servers running on Amazon EC2 access a legacy application running in a corporate data center. <br/> What term would describe this model?,Cloud-native,Partner network,Hybrid architecture,Infrastructure as a service,,['c'],,https://aws.amazon.com/enterprise/hybrid/,,
pe-14,011,"What is the benefit of using AWS managed services, such as Amazon ElastiCache and Amazon Relational Database Service (Amazon RDS)?",They require the customer to monitor and replace failing instances.,They have better performance than customer-managed services.,They simplify patching and updating underlying OSs.,They do not require the customer to optimize instance type or size selections.,,['c'],"- AWS Managed Services takes care of all of your patching and backup activities to help keep your resources current and secure. When updates or patches are released by OS vendors, AWS Managed Services applies them in a timely and consistent manner to minimize the impact on your business",,,
pe-14,012,Which service provides a virtually unlimited amount of online highly durable object storage?,Amazon Redshift,Amazon Elastic File System (Amazon EFS),Amazon Elastic Container Service (Amazon ECS),Amazon S3,,['d'],,https://aws.amazon.com/what-is-cloud-object-storage/,,
pe-14,013,Which of the following Identity and Access Management (IAM) entities is associated with an access key ID and secret access key when using AWS Command Line Interface (AWS CLI)?,IAM group,IAM user,IAM role,IAM policy,,['b'],- Access keys are long-term credentials for an IAM user or the AWS account root user.,,,
pe-14,014,Which of the following security-related services does AWS offer? (Select TWO.),Multi-factor authentication physical tokens,AWS Trusted Advisor security checks,Data encryption,Automated penetration testing,Amazon S3 copyrighted content detection,"['b', 'c']","- Penetration testing is not correct, because it can be done by customers on their own resources.",,,
pe-14,015,Which AWS managed service is used to host databases?,AWS Batch,AWS Artifact,AWS Data Pipeline,Amazon RDS,,['d'],"- Amazon Relational Database Service (Amazon RDS) makes it easy to set up, operate, and scale a relational database in the cloud.",,,
pe-14,016,Which AWS service provides a simple and scalable shared file storage solution for use with Linux-based AWS and on-premises servers?,Amazon S3,Amazon Glacier,Amazon EBS,Amazon EFS,,['d'],"- Amazon Elastic File System (Amazon EFS) provides a simple, scalable, fully managed elastic NFS file system for use with AWS Cloud services and on-premises resources.",,,
pe-14,017,"When architecting cloud applications, which of the following are a key design principle?",Use the largest instance possible,Provision capacity for peak load,Use the Scrum development process,Implement elasticity,,['d'],"- ""Provisioning for peaks"" is a characteristic of a traditional computing environment, per the AWS Best Practices: ""you provision capacity based on an estimate of a theoretical maximum peak.""",,,
pe-14,018,"Which AWS service should be used for long-term, low-cost storage of data backups?",Amazon RDS,Amazon Glacier,AWS Snowball,AWS EBS,,['b'],"- Amazon S3 Glacier is a secure, durable, and low-cost storage class of S3 for data archiving and long-term backup. Customers can store large or small amounts of data for as little as $0.004 per gigabyte per month.",,,
pe-14,019,Which task is AWS responsible for in the shared responsibility model for security and compliance?,Granting access to individuals and services,Encrypting data in transit,Updating Amazon EC2 host firmware,Updating operating systems,,['b'],- AWS Compliance enables customers to establish and operate in an AWS security control environment The shared responsibility model is part of AWS Compliance,,,
pe-14,020,"Where should a company go to search software listings from independent software vendors to find, test, buy and deploy software that runs on AWS?",AWS Marketplace,Amazon Lumberyard,AWS Artifact,Amazon CloudSearch,,['a'],"- AWS Marketplace is a digital catalog with thousands of software listings from independent software vendors that make it easy to find, test, buy, and deploy software that runs on AWS.",,,
pe-14,021,Which of the following is a benefit of using the AWS Cloud?,Permissive security removes the administrative burden.,Ability to focus on revenue-generating activities.,Control over cloud network hardware.,Choice of specific cloud hardware vendors.,,['b'],- Developer and IT staff productivity accounted for nearly 30% of overall financial benefits.,,,
pe-14,022,"When performing a cost analysis that supports physical isolation of a customer workload, which compute hosting model should be accounted for in the Total Cost of Ownership (TCO)?",Dedicated Hosts,Reserved Instances,On-Demand Instances,No Upfront Reserved Instances,,['a'],- Use Dedicated Hosts to launch Amazon EC2 instances on physical servers that are dedicated for your use.,,,
pe-14,023,Which AWS service provides the ability to manage infrastructure as code?,AWS CodePipeline,AWS CodeDeploy,AWS Direct Connect,AWS CloudFormation,,['d'],- AWS CloudFormation provides a common language for you to describe and provision all the infrastructure resources in your cloud environment.,,,
pe-14,024,"If a customer needs to audit the change management of AWS resources, which of the following AWS services should the customer use?",AWS Config,AWS Trusted Advisor,Amazon CloudWatch,Amazon Inspector,,['a'],"- AWS Config is a service that enables you to assess, audit, and evaluate the configurations of your AWS resources.",,,
pe-14,025,What is Amazon CloudWatch?,A code repository with customizable build and team commit features.,A metrics repository with customizable notification thresholds and channels.,A security configuration repository with threat analytics.,A rule repository of a web application firewall with automated vulnerability prevention features.,,['b'],- Amazon CloudWatch is basically a metrics repository.,,,
pe-14,026,Which service allows a company with multiple AWS accounts to combine its usage to obtain volume discounts?,AWS Server Migration Service,AWS Organizations,AWS Budgets,AWS Trusted Advisor,,['b'],- use the consolidated billing feature in AWS Organizations to consolidate billing and payment for multiple AWS accounts or multiple Amazon Internet Services Pvt. Ltd (AISPL) accounts.,,,
pe-14,027,Which of the following services could be used to deploy an application to servers running on-premises? (Select TWO.),AWS Elastic Beanstalk,AWS OpsWorks,AWS CodeDeploy,AWS Batch,AWS X-Ray,"['b', 'c']",,https://docs.aws.amazon.com/codedeploy/latest/userguide/instances-on-premises.html,,
pe-14,028,Which Amazon EC2 pricing model adjusts based on supply and demand of EC2 instances?,On-Demand Instances,Reserved Instances,Spot Instances,Convertible Reserved Instances,,['c'],"- In the new model, the Spot prices are more predictable, updated less frequently, and are determined by supply and demand for Amazon EC2 spare capacity, not bid prices.",,,
pe-14,029,Which design principles for cloud architecture are recommended when re-architecting a large monolithic application? (Select TWO.),Use manual monitoring.,Use fixed servers.,Implement loose coupling.,Rely on individual components.,Design for scalability.,"['c', 'e']",,,,
pe-14,030,Which is the MINIMUM AWS Support plan that allows for one-hour target response time for support cases?,Enterprise,Business,Developer,Basic,,['b'],,https://aws.amazon.com/premiumsupport/plans/,,
pe-14,031,Where can AWS compliance and certification reports be downloaded?,AWS Artifact,AWS Concierge,AWS Certificate Manager,AWS Trusted Advisor,,['a'],"- AWS Artifact is your go-to, central resource for compliance-related information that matters to you.",,,
pe-14,032,Which AWS service provides a customized view of the health of specific AWS services that power a customer's workloads running on AWS?,AWS Service Health Dashboard,AWS X-Ray,AWS Personal Health Dashboard,Amazon CloudWatch,,['c'],,,,
pe-14,033,Which of the following is an advantage of consolidated billing on AWS?,Volume pricing qualification,Shared access permissions,Multiple bills per account,Eliminates the need for tagging,,['a'],"- If you have multiple standalone accounts, your charges might decrease if you add the accounts to an organization.",,,
pe-14,034,Which of the following steps should be taken by a customer when conducting penetration testing on AWS?,"Conduct penetration testing using Amazon Inspector, and then notify AWS support.","Request and wait for approval from the customer's internal security team, and then conduct testing.","Notify AWS support, and then conduct testing immediately.","Request and wait for approval from AWS support, and then conduct testing.",,['d'],- AWS customers are welcome to carry out security assessments or penetration tests against their AWS infrastructure without prior approval for 8 services.,,,
pe-14,035,Which of the following AWS features enables a user to launch a pre-configured Amazon Elastic Compute Cloud (Amazon EC2) instance?,Amazon Elastic Block Store (Amazon EBS),Amazon Machine Image,Amazon EC2 Systems Manager,Amazon AppStream 2.0,,['b'],"- To use Amazon EC2, you simply:",,,
pe-14,036,How would an AWS customer easily apply common access controls to a large set of users?,Apply an IAM policy to an IAM group.,Apply an IAM policy to an IAM role.,Apply the same IAM policy to all IAM users with access to the same workload.,Apply an IAM policy to an Amazon Cognito user pool.,,['a'],"- Instead of defining permissions for individual IAM users, it's usually more convenient to create groups that relate to job functions (administrators, developers, accounting, etc.).",,,
pe-14,037,Which AWS Cost Management tool allows you to view the most granular data about your AWS bill?,AWS Cost Explorer,AWS Budgets,AWS Cost and Usage report,AWS Billing dashboard,,['c'],- The Cost & Usage Report is your one-stop-shop for accessing the most granular data about your AWS costs and usage.,,,
pe-14,038,Which of the following can an AWS customer use to launch a new Amazon Relational Database Service (Amazon RDS) cluster? (Select TWO.),AWS Concierge,AWS CloudFormation,Amazon Simple Storage Service (Amazon S3),Amazon EC2 Auto Scaling,AWS Management Console,"['b', 'e']",,,,
pe-14,039,Which of the following is an AWS Cloud architecture design principle?,Implement single points of failure.,Implement loose coupling.,Implement monolithic design.,Implement vertical scaling.,,['b'],- Loose coupling between services can also be done through asynchronous integration. It involves one component that generates events and another that consumes them.,,,
pe-14,040,Which of the following security measures protect access to an AWS account? (Select TWO.),Enable AWS CloudTrail.,Grant least privilege access to IAM users.,Create one IAM user and share with many developers and users.,Enable Amazon CloudFront.,Activate multi-factor authentication (MFA) for privileged users.,"['b', 'e']","- If you decided to create service accounts (that is, accounts used for programmatic access by applications running outside of the AWS environment) and generate access keys for them, you should create a dedicated service account for each use case.",,,
pe-14,041,Which service provides a hybrid storage service that enables on-premises applications to seamlessly use cloud storage?,Amazon Glacier,AWS Snowball,AWS Storage Gateway,Amazon Elastic Block Storage (Amazon EBS),,['c'],- AWS Storage Gateway is a hybrid cloud storage service that gives you on-premises access to virtually unlimited cloud storage. Customers use Storage Gateway to simplify storage management and reduce costs for key hybrid cloud storage use cases.,,,
pe-14,042,"Which of the following services falls under the responsibility of the customer to maintain operating system configuration, security patching, and networking?",Amazon RDS,Amazon EC2,Amazon ElastiCache,AWS Fargate,,['b'],"- The customer is responsible for managing, support, patching and control of the guest operating system and AWS services provided like EC2.",,,
pe-14,043,Which of the following is an important architectural design principle when designing cloud applications?,Use multiple Availability Zones.,Use tightly coupled components.,Use open source software.,Provision extra capacity.,,['a'],- Data Center resilience is practiced through Availability Zones across data centers that reduce the impact of failures.,,,
pe-14,044,Which AWS support plan includes a dedicated Technical Account Manager?,Developer,Enterprise,Business,Basic,,['b'],- The enterprise support plans supports technical account manager. Developer and business support plans are devoid of this facility.,,,
pe-14,045,Amazon Relational Database Service (Amazon RDS) offers which of the following benefits over traditional database management?,AWS manages the data stored in Amazon RDS tables.,AWS manages the maintenance of the operating system.,AWS automatically scales up instance types on demand.,AWS manages the database type.,,['b'],,,,
pe-14,046,"Which service is best for storing common database query results, which helps to alleviate database access load?",Amazon Machine Learning,Amazon SQS,Amazon ElastiCache,Amazon EC2 Instance Store,,['c'],"- Amazon ElastiCache for Redis is a great choice for implementing a highly available, distributed, and secure in-memory cache to decrease access latency, increase throughput, and ease the load off your relational or NoSQL databases and applications.",,,
pe-14,047,Which of the following is a component of the shared responsibility model managed entirely by AWS?,Patching operating system software,Encrypting data,Enforcing multi-factor authentication,Auditing physical data center assets,,['d'],"- Of course, Amazon is responsible for auditing physical data center assets and resources since it is the property of Amazon Inc. Customers have no access to physical sites, hence they are not responsible for maintaining physical data center assets.",,,
pe-14,048,Which options does AWS make available for customers who want to learn about security in the cloud in an instructor-led setting? (Select TWO.),AWS Trusted Advisor,AWS Online Tech Talks,AWS Blog,AWS Forums,AWS Classroom Training,"['b', 'e']","- AWS Training and Certification builds your competence, confidence, and credibility through practical cloud skills that help you innovate and build your future.",,,
pe-14,049,Which of the following features can be configured through the Amazon Virtual Private Cloud (Amazon VPC) Dashboard? (Select TWO.),Amazon CloudFront distributions,Amazon Route 53,Security Groups,Subnets,Elastic Load Balancing,"['c', 'd']",- Amazon Virtual Private Cloud (Amazon VPC) lets you provision a logically isolated section of the AWS Cloud where you can launch AWS resources in a virtual network that you define.,,,
pe-14,050,"If each department within a company has its own AWS account, what is one way to enable consolidated billing?",Use AWS Budgets on each account to pay only to budget.,Contact AWS Support for a monthly bill.,Create an AWS Organization from the payer account and invite the other accounts to join.,"Put all invoices into one Amazon Simple Storage Service (Amazon S3) bucket, load data into Amazon Redshift, and then run a billing report.",,['c'],,https://docs.aws.amazon.com/awsaccountbilling/latest/aboutv2/consolidated-billing.html,,
pe-15,001,How do customers benefit from Amazon's massive economies of scale?,Periodic price reductions as the result of Amazon's operational efficiencies,New Amazon EC2 instance types providing the latest hardware,The ability to scale up and down when needed,Increased reliability in the underlying hardware of Amazon EC2 instances,,['a'],,,,
pe-15,002,Which AWS services can be used to gather information about AWS account activity? (Select TWO.),Amazon CloudFront,AWS Cloud9,AWS CloudTrail,AWS CloudHSM,Amazon CloudWatch,"['c', 'e']","- AWS offers a solution that uses AWS CloudTrail to log account activity, Amazon Kinesis to compute and stream metrics in real-time, and Amazon DynamoDB to durably store the computed data.",,,
pe-15,003,Which of the following common IT tasks can AWS cover to free up company IT resources? (Select TWO.),Patching databases software,Testing application releases,Backing up databases,Creating database schema,Running penetration tests,"['a', 'c']",,,,
pe-15,004,In which scenario should Amazon EC2 Spot Instances be used?,A company wants to move its main website to AWS from an on-premises web server.,A company has a number of application services whose Service Level Agreement (SLA) requires 99.999% uptime.,A company's heavily used legacy database is currently running on-premises.,"A company has a number of infrequent, interruptible jobs that are currently using On-Demand Instances.",,['d'],,https://docs.aws.amazon.com/whitepapers/latest/cost-optimization-leveraging-ec2-spot-instances/spot-instance-interruptions.html,,
pe-15,005,Which AWS feature should a customer leverage to achieve high availability of an application?,AWS Direct Connect,Availability Zones,Data centers,Amazon Virtual Private Cloud (Amazon VPC),,['b'],- This is to achieve High Availability for any web application (in this case SwiftCode) deployed in AWS.,,,
pe-15,006,Which is the minimum AWS Support plan that includes Infrastructure Event Management without additional costs?,Enterprise,Business,Developer,Basic,,['b'],,https://aws.amazon.com/premiumsupport/plans/,,
pe-15,007,Which AWS service can serve a static website?,Amazon S3,Amazon Route 53,Amazon QuickSight,AWS X-Ray,,['a'],"- You can host a static website on Amazon Simple Storage Service (Amazon S3). On a static website, individual webpages include static content.",,,
pe-15,008,How does AWS shorten the time to provision IT resources?,It supplies an online IT ticketing platform for resource requests.,It supports automatic code validation services.,It provides the ability to programmatically provision existing resources.,It automates the resource request process from a company's IT vendor list.,,['c'],,,,
pe-15,009,What can AWS edge locations be used for? (Select TWO.),Hosting applications,Delivering content closer to users,Running NoSQL database caching services,Reducing traffic on the server by caching responses,Sending notification messages to end users,"['b', 'd']",- CloudFront delivers your content through a worldwide network of data centers called edge locations.,,,
pe-15,010,Which of the following can limit Amazon Simple Storage Service (Amazon S3) bucket access to specific users?,A public and private key-pair,Amazon Inspector,AWS Identity and Access Management (IAM) policies,Security Groups,,['c'],"- To allow users to perform S3 actions on the bucket from the VPC endpoints or IP addresses, you must explicitly grant those user-level permissions.",,,
pe-15,011,"A solution that is able to support growth in users, traffic, or data size with no drop in performance aligns with which cloud architecture principle?",Think parallel,Implement elasticity,Decouple your components,Design for failure,,['b'],,https://d1.awsstatic.com/whitepapers/AWS_Cloud_Best_Practices.pdf,,
pe-15,012,Which of the following tasks is the responsibility of AWS?,Encrypting client-side data,Configuring AWS Identity and Access Management (IAM) roles,Securing the Amazon EC2 hypervisor,Setting user password policies,,['c'],"- In EC2, the AWS IaaS offering, everything from the hypervisor layer down is AWS's responsibility.",,,
pe-15,013,One benefit of On-Demand Amazon Elastic Compute Cloud (Amazon EC2) pricing is:,the ability to bid for a lower hourly cost.,paying a daily rate regardless of time used.,paying only for time used.,pre-paying for instances and paying a lower hourly rate.,,['c'],- On-Demand Capacity Reservations are priced exactly the same as their equivalent (On-Demand) instance usage.,,,
pe-15,014,An administrator needs to rapidly deploy a popular IT solution and start using it immediately. <br/> Where can the administrator find assistance?,AWS Well-Architected Framework documentation,Amazon CloudFront,AWS CodeCommit,AWS Quick Start reference deployments,,['d'],"- Quick Starts are built by AWS solutions architects and partners to help you deploy popular technologies on AWS, based on AWS best practices for security and high availability.",,,
pe-15,015,Which of the following services is in the category of AWS serverless platform?,Amazon EMR,Elastic Load Balancing,AWS Lambda,AWS Mobile Hub,,['c'],- AWS provides a set of fully managed services that you can use to build and run serverless applications.,,,
pe-15,016,Which services are parts of the AWS serverless platform?,"Amazon EC2, Amazon S3, Amazon Athena","Amazon Kinesis, Amazon SQS, Amazon EMR","AWS Step Functions, Amazon DynamoDB, Amazon SNS","Amazon Athena, Amazon Cognito, Amazon EC2",,['c'],- AWS provides a set of fully managed services that you can use to build and run serverless applications.,,,
pe-15,017,"Under the shared responsibility model, which of the following is a shared control between a customer and AWS?",Physical controls,Patch management,Zone security,Data center auditing,,['b'],"- Shared Controls Controls which apply to both the infrastructure layer and customer layers, but in completely separate contexts or perspectives.",,,
pe-15,018,What can AWS edge locations be used for? (Select TWO.),Hosting applications,Delivering content closer to users,Running NoSQL database caching services,Reducing traffic on the server by caching responses,Sending notification messages to end users,"['b', 'd']",- CloudFront delivers your content through a worldwide network of data centers called edge locations.,,,
pe-15,019,What technology enables compute capacity to adjust as loads change?,Load balancing,Automatic failover,Round robin,Auto Scaling,,['d'],"- AWS Auto Scaling monitors your applications and automatically adjusts capacity to maintain steady, predictable performance at the lowest possible cost.",,,
pe-15,020,Which AWS services are defined as global instead of regional? (Select TWO.),Amazon Route 53,Amazon EC2,Amazon S3,Amazon CloudFront,Amazon DynamoDB,"['a', 'd']",,http://jayendrapatil.com/aws-global-vs-regional-vs-az-resources/,,
pe-15,021,Which AWS service would you use to obtain compliance reports and certificates?,AWS Artifact,AWS Lambda,Amazon Inspector,AWS Certificate Manager,,['a'],"- AWS Artifact is your go-to, central resource for compliance-related information that matters to you.",,,
pe-15,022,"Under the shared responsibility model, which of the following tasks are the responsibility of the AWS customer? (Select TWO.)",Ensuring that application data is encrypted at rest,Ensuring that AWS NTP servers are set to the correct time,Ensuring that users have received security training in the use of AWS services,Ensuring that access to data centers is restricted,Ensuring that hardware is disposed of properly,"['a', 'c']",,https://aws.amazon.com/compliance/shared-responsibility-model/,,
pe-15,023,Which AWS service can be used to manually launch instances based on resource requirements?,Amazon EBS,Amazon S3,Amazon EC2,Amazon ECS,,['c'],,,,
pe-15,024,A company is migrating an application that is running non-interruptible workloads for a three-year time frame. <br/> Which pricing construct would provide the MOST cost-effective solution?,Amazon EC2 Spot Instances,Amazon EC2 Dedicated Instances,Amazon EC2 On-Demand Instances,Amazon EC2 Reserved Instances,,['d'],,,,
pe-15,025,The financial benefits of using AWS are: (Select TWO.),reduced Total Cost of Ownership (TCO).,increased capital expenditure (capex).,reduced operational expenditure (opex).,deferred payment plans for startups.,business credit lines for stratups.,"['a', 'c']",,,,
pe-15,026,"Which of the following is entirely the responsibility of AWS, according to the AWS shared responsibility model?",Patching of the guest operating system,Security awareness and training,Physical and environmental controls,Development of an IAM password policy,,['c'],,,,
pe-15,027,Which AWS service allows companies to connect an Amazon VPC to an on-premises data center? (Select TWO),AWS VPN,Amazon Redshift,API Gateway,Amazon Direct Connect,,"['a', 'd']",- AWS Direct Connect enables you to securely connect your AWS environment to your on-premises data center or office location over a standard 1 gigabit or 10 gigabit Ethernet fiber-optic connection.,,,
pe-15,028,A company wants to reduce the physical compute footprint that developers use to run code. <br/> Which service would meet that need by enabling serverless architectures?,Amazon Elastic Compute Cloud (Amazon EC2),AWS Lambda,Amazon DynamoDB,AWS CodeCommit,,['b'],- AWS Lambda is an integral part of coding on AWS. It reduces physical compute footprint by utilizing aws cloud services to run code.,,,
pe-15,029,Which AWS service provides alerts when an AWS event may impact a company's AWS resources?,AWS Personal Health Dashboard,AWS Service Health Dashboard,AWS Trusted Advisor,AWS Infrastructure Event Management,,['a'],- AWS Personal Health Dashboard provides alerts and remediation guidance when AWS is experiencing events that may impact you.,,,
pe-15,030,Which of the following are categories of AWS Trusted Advisor? (Select TWO.),Fault Tolerance,Instance Usage,Infrastructure,Performance,Storage Capacity,"['a', 'd']","- Like your customized cloud expert, AWS Trusted Advisor analyzes your AWS environment and provides best practice recommendations in five categories: cost optimization, performance, security, fault tolerance and service limits.",,,
pe-15,031,"Which of the following services falls under the responsibility of the customer to maintain operating system configuration, security patching, and networking?    - A. Amazon RDS",,Amazon EC2,Amazon ElastiCache,AWS Fargate,,['b'],"- The customer is responsible for managing, support, patching and control of the guest operating system and AWS services provided like EC2.",,,
pe-15,032,A company will be moving from an on-premises data center to the AWS Cloud. <br/> What would be one financial difference after the move?,Moving from variable operational expense (opex) to upfront capital expense (capex).,Moving from upfront capital expense (capex) to variable capital expense (capex).,Moving from upfront capital expense (capex) to variable operational expense (opex).,Elimination of upfront capital expense (capex) and elimination of variable operational expense (opex),,['c'],,,,
pe-15,033,How should a customer forecast the future costs for running a new web application?,Amazon Aurora Backtrack,Amazon CloudWatch Billing Alarms,AWS Simple Monthly Calculator,AWS Cost and Usage report,,['c'],- You can use Cost explorer which is part of Cost and Usage report to forecast future costs of running an application.,,,
pe-15,034,Which is the MINIMUM AWS Support plan that provides technical support through phone calls?,Enterprise,Business,Developer,Basic,,['b'],,https://aws.amazon.com/premiumsupport/plans/,,
pe-15,035,"According to the AWS shared responsibility model, what is the sole responsibility of AWS?",Application security,Edge location management,Patch management,Client-side data,,['b'],"- Client-side data, application security is the sole responsibility of the customer.",,,
pe-15,036,Which AWS IAM feature is used to associate a set of permissions with multiple users?,Multi-factor authentication,Groups,Password policies,Access keys,,['b'],"- An IAM group is a collection of IAM users. You can use groups to specify permissions for a collection of users, which can make those permissions easier to manage for those users.",,,
pe-15,037,Which of the following are benefits of the AWS Cloud? (Choose two.),Unlimited uptime,Elasticity,Agility,Colocation,Capital expenses,"['b', 'c']",- The most celebrated benefit of AWS cloud is elasticity since you can expand the services when you experience more traffic.,,,
pe-15,038,Which of the following can a customer use to enable single sign-on (SSO) to the AWS Console?,Amazon Connect,AWS Directory Service,Amazon Pinpoint,Amazon Rekognition,,['b'],- Single sign-on only works when used on a computer that is joined to the AWS Directory Service directory.,,,
pe-15,039,"What are the multiple, isolated locations within an AWS Region that are connected by low-latency networks called?",AWS Direct Connects,Amazon VPCs,Edge locations,Availability Zones,,['d'],"- Each Region is completely independent. Each Availability Zone is isolated, but the Availability Zones in a Region are connected through low-latency links.",,,
pe-15,040,Which of the following benefits does the AWS Compliance program provide to AWS customers? (Choose two.),It verifies that hosted workloads are automatically compliant with the controls of supported compliance frameworks.,AWS is responsible for the maintenance of common compliance framework documentation.,It assures customers that AWS is maintaining physical security and data protection.,It ensures the use of compliance frameworks that are being used by other cloud providers.,It will adopt new compliance frameworks as they become relevant to customer workloads.,"['a', 'b']",,https://d0.awsstatic.com/whitepapers/compliance/AWS_Risk_and_Compliance_Whitepaper.pdf,,
pe-15,041,Which of the following services provides on-demand access to AWS compliance reports?,AWS IAM,AWS Artifact,Amazon GuardDuty,AWS KMS,,['b'],"- AWS Artifact is your go-to, central resource for compliance-related information that matters to you.",,,
pe-15,042,"As part of the AWS shared responsibility model, which of the following operational controls do users fully inherit from AWS?",Security management of data center,Patch management,Configuration management,User and access management,,['d'],,https://aws.amazon.com/compliance/shared-responsibility-model/,,
pe-15,043,"When comparing AWS Cloud with on-premises Total Cost of Ownership, which expenses must be considered? (Choose two.)",Software development,Project management,Storage hardware,Physical servers,Antivirus software license,"['c', 'd']",,https://aws.amazon.com/blogs/aws/the-new-aws-tco-calculator/,,
pe-15,044,"Under the shared responsibility model, which of the following tasks are the responsibility of the customer? (Choose two.)",Maintaining the underlying Amazon EC2 hardware.,Managing the VPC network access control lists.,Encrypting data in transit and at rest.,Replacing failed hard disk drives.,Deploying hardware in different Availability Zones.,"['b', 'c']",- The hardware related jobs is the prime responsibility of AWS. VPC network access control lists is something a customer has to do himself to secure the applications.,,,
pe-15,045,Which scenarios represent the concept of elasticity on AWS? (Choose two.),Scaling the number of Amazon EC2 instances based on traffic.,Resizing Amazon RDS instances as business needs change.,Automatically directing traffic to less-utilized Amazon EC2 instances.,Using AWS compliance documents to accelerate the compliance process.,Having the ability to create and govern environments using code.,"['a', 'b']",,https://wa.aws.amazon.com/wat.concept.elasticity.en.html,,
pe-15,046,When is it beneficial for a company to use a Spot Instance?,When there is flexibility in when an application needs to run.,When there are mission-critical workloads.,When dedicated capacity is needed.,When an instance should not be stopped.,,['a'],- The key to understanding spot instances is to look at the way that cloud service providers such as Amazon Web Services (AWS) operate.,,,
pe-15,047,A company is considering moving its on-premises data center to AWS. What factors should be included in doing a Total Cost of Ownership (TCO) analysis? (Choose two.),Amazon EC2 instance availability,Power consumption of the data center,Labor costs to replace old servers,Application developer time,Database engine capacity,"['b', 'c']",,,,
pe-15,048,How does AWS charge for AWS Lambda?,Users bid on the maximum price they are willing to pay per hour.,"Users choose a 1-, 3- or 5-year upfront payment term.",Users pay for the required permanent storage on a file system or in a database.,Users pay based on the number of requests and consumed compute resources.,,['d'],"- AWS Lambda is charging its users by the number of requests for their functions and by the duration, which is the time the code needs to execute.",,,
pe-15,049,What function do security groups serve related Amazon Elastic Compute Cloud (Amazon EC2) instance security?,Act as a virtual firewall for the Amazon EC2 instance.,Secure AWS user accounts with AWS identity and Access Management (IAM) policies.,Provide DDoS protection with AWS Shield.,Use Amazon CloudFront to protect the Amazon EC2 instance.,,['a'],- AWS Security Groups act like a firewall for your Amazon EC2 instances controlling both inbound and outbound traffic.,,,
pe-15,050,Which disaster recovery scenario offers the lowest probability of down time?,Backup and restore,Pilot light,Warm standby,Multi-site active-active,,['d'],"- Backup and Restore: a simple, straightforward, cost-effective method that backs up and restores data as needed.",,,
pe-16,001,What will help a company perform a cost benefit analysis of migrating to the AWS Cloud?,Cost Explorer,AWS Total Cost of Ownership (TCO) Calculator,AWS Simple Monthly Calculator,AWS Trusted Advisor,,['b'],- AWS TCO calculators allow you to estimate the cost savings when using AWS and provide a detailed set of reports that can be used in executive presentations.,,,
pe-16,002,Which of the following provides the ability to share the cost benefits of Reserved Instances across AWS accounts?,AWS Cost Explorer between AWS accounts,Linked accounts and consolidated billing,Amazon Elastic Compute Cloud (Amazon EC2) Reserved Instance Utilization Report,Amazon EC2 Instance Usage Report between AWS accounts,,['b'],- The way that Reserved Instance discounts apply to accounts in an organization's consolidated billing family depends on whether Reserved Instance sharing is turned on or off for the account.,,,
pe-16,003,A company has multiple AWS accounts and wants to simplify and consolidate its billing process. <br/>Which AWS service will achieve this?,AWS Cost and Usage Reports,AWS Organizations,AWS Cost Explorer,AWS Budgets,,['b'],- You can use the consolidated billing feature in AWS Organizations to consolidate billing and payment for multiple AWS accounts or multiple Amazon Internet Services Pvt. Ltd (AISPL) accounts.,,,
pe-16,004,A company is designing an application hosted in a single AWS Region serving end-users spread across the world. The company wants to provide the end-users low latency access to the application data. <br/> Which of the following services will help fulfill this requirement?,Amazon CloudFront,AWS Direct Connect,Amazon Route 53 global DNS,Amazon Simple Storage Service (Amazon S3) transfer acceleration,,['a'],"- Amazon CloudFront is a content delivery network (CDN) service that distributes data from multiple locations worldwide, providing low-latency access to end-users.",,,
pe-16,005,Which of the following deployment models enables customers to fully trade their capital IT expenses for operational expenses?,On-premises,Hybrid,Cloud,Platform as a service,,['c'],"- The cloud allows you to trade capital expenses (such as data centers and physical servers) for variable expenses, and only pay for IT as you consume it.",,,
pe-16,006,How is asset management on AWS easier than asset management in a physical data center?,AWS provides a Configuration Management Database that users can maintain.,AWS performs infrastructure discovery scans on the customer's behalf.,Amazon EC2 automatically generates an asset report and places it in the customer's specified Amazon S3 bucket.,Users can gather asset metadata reliably with a few API calls.,,['b'],"- AWS assets are centrally managed through an inventory management system that stores and tracks owner, location, status, maintenance, and descriptive information for AWS-owned assets.",,,
pe-16,007,What feature of Amazon RDS helps to create globally redundant databases?,Snapshots,Automatic patching and updating,Cross-Region read replicas,Provisioned IOPS,,['c'],,https://docs.amazonaws.cn/en_us/AmazonRDS/latest/UserGuide/rds-ug.pdf,,
pe-16,008,Using AWS Identity and Access Management (IAM) to grant access only to the resources needed to perform a task is a concept known as:,restricted access.,as-needed access.,least privilege access.,token access.,,['c'],"- When you create IAM policies, follow the standard security advice of granting least privilege, or granting only the permissions required to perform a task.",,,
pe-16,009,Which methods can be used to identify AWS costs by departments? (Choose two.),Enable multi-factor authentication for the AWS account root user.,Create separate accounts for each department.,Use Reserved Instances whenever possible.,Use tags to associate each instance with a particular department.,Pay bills using purchase orders.,"['b', 'd']",- Tags are key-value pairs that allow you to organize your AWS resources into groups. You can use tags to:,,,
pe-16,010,"Under the AWS shared responsibility model, customer responsibilities include which one of the following?","Securing the hardware, software, facilities, and networks that run all products and services.","Providing certificates, reports, and other documentation directly to AWS customers under NDA.","Configuring the operating system, network, and firewall.",Obtaining industry certifications and independent third-party attestations.,,['c'],,https://aws.amazon.com/compliance/shared-responsibility-model/,,
pe-16,011,Which managed AWS service provides real-time guidance on AWS security best practices?,AWS X-Ray,AWS Trusted Advisor,Amazon CloudWatch,AWS Systems Manager,,['b'],"- AWS offers premium services such as AWS Trusted Advisor, which provides real-time guidance to help you reduce cost, increase performance, and improve security.",,,
pe-16,012,Which feature adds elasticity to Amazon EC2 instances to handle the changing demand for workloads?,Resource groups,Lifecycle policies,Application Load Balancer,Amazon EC2 Auto Scaling,,['d'],"- Support for monitoring the health of each service independently, as health checks are defined at the target group level and many CloudWatch metrics are reported at the target group level.",,,
pe-16,013,"Under the AWS shared responsibility model, customers are responsible for which aspects of security in the cloud? (Choose two.)",Visualization management,Hardware management,Encryption management,Facilities management,Firewall management,"['c', 'e']","- With the basic Cloud infrastructure secured and maintained by AWS, the responsibility for what goes into the cloud falls on you. This covers both client and server side encryption and network traffic protection, security of the operating system, network, and firewall configuration, followed by application security and identity and access management.",,,
pe-16,014,Which AWS hybrid storage service enables on-premises applications to seamlessly use AWS Cloud storage through standard file-storage protocols?,AWS Direct Connect,AWS Snowball,AWS Storage Gateway,AWS Snowball Edge,,['c'],- The AWS Storage Gateway service enables hybrid cloud storage between on-premises environments and the AWS Cloud.,,,
pe-16,015,What is a responsibility of AWS in the shared responsibility model?,Updating the network ACLs to block traffic to vulnerable ports.,Patching operating systems running on Amazon EC2 instances.,Updating the firmware on the underlying EC2 hosts.,Updating the security group rules to block traffic to the vulnerable ports.,,['c'],,https://cloudacademy.com/blog/aws-shared-responsibility-model-security/,,
pe-16,016,Which architectural principle is used when deploying an Amazon Relational Database Service (Amazon RDS) instance in Multiple Availability Zone mode?,Implement loose coupling.,Design for failure.,Automate everything that can be automated.,"Use services, not servers.",,['b'],"- Amazon RDS Multi-AZ deployments provide enhanced availability and durability for Database (DB) Instances, making them a natural fit for production database workloads.",,,
pe-16,017,What does it mean to grant least privilege to AWS IAM users?,It is granting permissions to a single user only.,It is granting permissions using AWS IAM policies only.,It is granting AdministratorAccess policy permissions to trustworthy users.,It is granting only the permissions required to perform a given task.,,['d'],"- When you create IAM policies, follow the standard security advice of granting least privilege, or granting only the permissions required to perform a task.",,,
pe-16,018,What is a benefit of loose coupling as a principle of cloud architecture design?,It facilitates low-latency request handling.,It allows applications to have dependent workflows.,It prevents cascading failures between different components.,It allows companies to focus on their physical data center operations.,,['c'],- IT systems should ideally be designed in a way that reduces inter-dependencies.,,,
pe-16,019,A director has been tasked with investigating hybrid cloud architecture. The company currently accesses AWS over the public internet.<br/>Which service will facilitate private hybrid connectivity?,Amazon Virtual Private Cloud (Amazon VPC) NAT Gateway,AWS Direct Connect,Amazon Simple Storage Service (Amazon S3) Transfer Acceleration,AWS Web Application Firewall (AWS WAF),,['b'],- Amazon VPC provides multiple network connectivity options for you to leverage depending on your current network designs and requirements.,,,
pe-16,020,"A company's web application currently has tight dependencies on underlying components, so when one component fails the entire web application fails. <br> Applying which AWS Cloud design principle will address the current design issue?","Implementing elasticity, enabling the application to scale up or scale down as demand changes.",Enabling several EC2 instances to run in parallel to achieve better performance.,Focusing on decoupling components by isolating them and ensuring individual components can function when other components fail.,Doubling EC2 computing resources to increase system fault tolerance.,,['c'],,,,
pe-16,021,How can a customer increase security to AWS account logons? (Choose two.),Configure AWS Certificate Manager,Enable Multi-Factor Authentication (MFA),Use Amazon Cognito to manage access,Configure a strong password policy,Enable AWS Organizations,"['b', 'd']",- Your root account should always be protected by Multi-Factor Authentication (MFA).,,,
pe-16,022,What AWS service would be used to centrally manage AWS access across multiple accounts?,AWS Service Catalog,AWS Config,AWS Trusted Advisor,AWS Organizations,,['d'],"- To improve control over your AWS environment, you can use AWS Organizations to create groups of accounts, and then attach policies to a group to ensure the correct policies are applied across the accounts without requiring custom scripts and manual processes.",,,
pe-16,023,Which AWS service can a customer use to set up an alert notification when the account is approaching a particular dollar amount?,AWS Cost and Usage reports,AWS Budgets,AWS Cost Explorer,AWS Trusted Advisor,,['b'],,https://docs.aws.amazon.com/AmazonCloudWatch/latest/monitoring/monitor_estimated_charges_with_cloudwatch.html,,
pe-16,024,What can users access from AWS Artifact?,AWS security and compliance documents,A download of configuration management details for all AWS resources,Training materials for AWS services,A security assessment of the applications deployed in the AWS Cloud,,['a'],"- You can use AWS Artifact Reports to download AWS security and compliance documents, such as AWS ISO certifications, Payment Card Industry (PCI), and System and Organization Control (SOC) reports.",,,
pe-16,025,Which is the MINIMUM AWS Support plan that provides designated Technical Account Managers?,Enterprise,Business,Developer,Basic,,['a'],,https://aws.amazon.com/premiumsupport/plans/,,
pe-16,026,Which of the following is an AWS Well-Architected Framework design principle related to reliability?,Deployment to a single Availability Zone,Ability to recover from failure,Design for cost optimization,Perform operations as code,,['b'],,https://aws.amazon.com/blogs/apn/the-5-pillars-of-the-aws-well-architected-framework/,,
pe-16,027,Which type of AWS storage is ephemeral and is deleted when an instance is stopped or terminated?,Amazon EBS,Amazon EC2 instance store,Amazon EFS,Amazon S3,,['b'],"- When you stop or terminate an instance, every block of storage in the instance store is reset.",,,
pe-16,028,What is an advantage of using the AWS Cloud over a traditional on-premises solution?,Users do not have to guess about future capacity needs.,Users can utilize existing hardware contracts for purchases.,Users can fix costs no matter what their traffic is.,Users can avoid audits by using reports from AWS.,,['a'],,https://data-flair.training/blogs/aws-advantages/,,
pe-16,029,Which of the following is an AWS-managed compute service?,Amazon SWF,Amazon EC2,AWS Lambda,Amazon Aurora,,['c'],,https://docs.aws.amazon.com/whitepapers/latest/aws-overview/compute-services.html,,
pe-16,030,Which of the following is an important architectural principle when designing cloud applications?,Store data and backups in the same region.,Design tightly coupled system components.,Avoid multi-threading.,Design for failure,,['d'],- There are six design principles for operational excellence in the cloud:,,,
pe-16,031,Which mechanism allows developers to access AWS services from application code?,AWS Software Development Kit,AWS Management Console,AWS CodePipeline,AWS Config,,['a'],,https://aws.amazon.com/tools/,,
pe-16,032,Which Amazon EC2 pricing model is the MOST cost efficient for an uninterruptible workload that runs once a year for 24 hours?,On-Demand Instances,Reserved Instances,Spot Instances,Dedicated Instances,,['a'],"- With On-Demand instances, you pay for compute capacity by the hour or the second depending on which instances you run.",,,
pe-16,033,Which of the following services is a MySQL-compatible database that automatically grows storage as needed?,Amazon Elastic Compute Cloud (Amazon EC2),Amazon Relational Database Service (Amazon RDS) for MySQL,Amazon Lightsail,Amazon Aurora,,['d'],- Amazon Aurora is a relational database service that combines the speed and availability of high-end commercial databases with the simplicity and cost-effectiveness of open source databases.,,,
pe-16,034,Which Amazon Virtual Private Cloud (Amazon VPC) feature enables users to connect two VPCs together?,Amazon VPC endpoints,Amazon Elastic Compute Cloud (Amazon EC2) ClassicLink,Amazon VPC peering,AWS Direct Connect,,['c'],- A VPC peering connection is a networking connection between two VPCs that enables you to route traffic between them using private IPv4 addresses or IPv6 addresses.,,,
pe-16,035,Which service's PRIMARY purpose is software version control?,Amazon CodeStar,AWS Command Line Interface (AWS CLI),Amazon Cognito,AWS CodeCommit,,['d'],"- AWS CodeCommit is a version control service hosted by Amazon Web Services that you can use to privately store and manage assets (such as documents, source code, and binary files) in the cloud.",,,
pe-16,036,A company is considering migrating its applications to AWS. The company wants to compare the cost of running the workload on-premises to running the equivalent workload on the AWS platform. <br/>Which tool can be used to perform this comparison?,AWS Simple Monthly Calculator,AWS Total Cost of Ownership (TCO) Calculator,AWS Billing and Cost Management console,Cost Explorer,,['b'],- TCO calculator compare the cost of running your applications in an on-premises or colocation environment to AWS.,,,
pe-16,037,"Which AWS service provides a secure, fast, and cost-effective way to migrate or transport exabyte-scale datasets into AWS?",AWS Batch,AWS Snowball,AWS Migration Hub,AWS Snowmobile,,['d'],"- AWS Snowmobile is an exabyte-scale data transfer service that can move extremely large amounts of data to AWS in a fast, secure, and cost-effective manner.",,,
pe-16,038,Which of the following BEST describe the AWS pricing model? (Choose two.),Fixed-term,Pay-as-you-go,Colocation,Planned,Variable cost,"['b', 'e']",,https://d0.awsstatic.com/whitepapers/aws_pricing_overview.pdf,,
pe-16,039,Which load balancer types are available with Elastic Load Balancing (ELB)? (Choose two.),Public load balancers with AWS Application Auto Scaling capabilities,F5 Big-IP and Citrix NetScaler load balancers,Classic Load Balancers,Cross-zone load balancers with public and private IPs,Application Load Balancers,"['c', 'e']","- Elastic Load Balancing supports the following types of load balancers: Application Load Balancers, Network Load Balancers, and Classic Load Balancers.",,,
pe-16,040,Why should a company choose AWS instead of a traditional data center?,AWS provides users with full control over the underlying resources.,AWS does not require long-term contracts and provides a pay-as-you-go model.,"AWS offers edge locations in every country, supporting global reach.",AWS has no limits on the number of resources that can be created.,,['b'],- AWS offers you a pay-as-you-go approach for pricing for over 160 cloud services.,,,
pe-16,041,Which solution provides the FASTEST application response times to frequently accessed data to users in multiple AWS Regions?,AWS CloudTrail across multiple Availability Zones,Amazon CloudFront to edge locations,AWS CloudFormation in multiple regions,A virtual private gateway over AWS Direct Connect,,['b'],- You can deliver content and decrease end-user latency of your web application using Amazon CloudFront.,,,
pe-16,042,Which AWS service provides a self-service portal for on-demand access to AWS compliance reports?,AWS Config,AWS Certificate Manager,Amazon Inspector,AWS Artifact,,['d'],"- AWS Artifact is your go-to, central resource for compliance-related information that matters to you.",,,
pe-16,043,Which of the following AWS services can be used to run a self-managed database?,Amazon Route 53,AWS X-Ray,AWS Snowmobile,Amazon Elastic Compute Cloud (Amazon EC2),,['d'],,https://severalnines.com/news/aws-users-prefer-self-managed-databases,,
pe-16,044,What exclusive benefit is provided to users with Enterprise Support?,Access to a Technical Project Manager,Access to a Technical Account Manager,Access to a Cloud Support Engineer,Access to a Solutions Architect,,['b'],,https://aws.amazon.com/premiumsupport/plans/enterprise/,,
pe-16,045,How can a user protect against AWS service disruptions if a natural disaster affects an entire geographic area?,Deploy applications across multiple Availability Zones within an AWS Region.,Use a hybrid cloud computing deployment model within the geographic area.,Deploy applications across multiple AWS Regions.,Store application artifacts using AWS Artifact and replicate them across multiple AWS Regions.,,['c'],"- An AWS Region is a geographic location where AWS provides multiple, physically separated and isolated Availability Zones which are connected with low latency, high throughput, and highly redundant networking.",,,
pe-16,046,How does AWS MOST effectively reduce computing costs for a growing start-up company?,It provides on-demand resources for peak usage.,It automates the provisioning of individual developer environments.,It automates customer relationship management.,It implements a fixed monthly computing budget.,,['a'],"- You can continue to optimize your spend and keep your development costs low by making sure you revisit your architecture often, to adjust to your startup growth.",,,
pe-16,047,A startup is working on a new application that needs to go to market quickly. The application requirements may need to be adjusted in the near future. <br/> Which of the following is a characteristic of the AWS Cloud that would meet this specific need?,Elasticity,Reliability,Performance,Agility,,['d'],"- Agile is a time boxed, iterative approach to software delivery that builds software incrementally from the start of the project, instead of trying to deliver it all at once near the end.",,,
pe-16,048,Which AWS Support plan provides a full set of AWS Trusted Advisor checks?,Business and Developer Support,Business and Basic Support,Enterprise and Developer Support,Enterprise and Business Support,,['d'],,https://aws.amazon.com/premiumsupport/plans/,,
pe-16,049,Which of the following services have Distributed Denial of Service (DDoS) mitigation features? (Choose two.),AWS WAF,Amazon DynamoDB,Amazon EC2,Amazon CloudFront,Amazon Inspector,"['a', 'd']",,https://aws.amazon.com/shield/,,
pe-16,050,"When building a cloud Total Cost of Ownership (TCO) model, which cost elements should be considered for workloads running on AWS? (Choose three.)",Compute costs,Facilities costs,Storage costs,Data transfer costs,Network infrastructure costs,"['a', 'c', 'd']",,https://aws.amazon.com/blogs/aws/the-new-aws-tco-calculator/,,
pe-17,001,What time-savings advantage is offered with the use of Amazon Rekognition?,Amazon Rekognition provides automatic watermarking of images.,Amazon Rekognition provides automatic detection of objects appearing in pictures.,Amazon Rekognition provides the ability to resize millions of images automatically.,Amazon Rekognition uses Amazon Mechanical Turk to allow humans to bid on object detection jobs.,,['b'],"- Rekognition Image is an image recognition service that detects objects, scenes, and faces; extracts text; recognizes celebrities; and identifies inappropriate content in images.",,,
pe-17,002,"When comparing AWS with on-premises Total Cost of Ownership (TCO), what costs are included?",Data center security,Business analysis,Project management,Operating system administration,,['a'],,https://www.awstcocalculator.com/Output/Load/f85bbf7e131446643911859504,,
pe-17,003,"According to the AWS shared responsibility model, what is AWS responsible for?",Configuring Amazon VPC,Managing application code,Maintaining application traffic,Managing the network infrastructure,,['d'],,https://cloudacademy.com/blog/aws-shared-responsibility-model-security/,,
pe-17,004,Which service should be used to estimate the costs of running a new project on AWS?,AWS TCO Calculator,AWS Simple Monthly Calculator,AWS Cost Explorer API,AWS Budgets,,['c'],"- To forecast your costs, use the AWS Cost Explorer.",,,
pe-17,005,Which AWS tool will identify security groups that grant unrestricted Internet access to a limited list of ports?,AWS Organizations,AWS Trusted Advisor,AWS Usage Report,Amazon EC2 dashboard,,['b'],,https://www.cloudconformity.com/knowledge-base/aws/EC2/security-group-egress-any.html,,
pe-17,006,Which AWS service can be used to generate alerts based on an estimated monthly bill?,AWS Config,Amazon CloudWatch,AWS X-Ray,AWS CloudTrail,,['b'],- You can monitor your estimated AWS charges by using Amazon CloudWatch.,,,
pe-17,007,Which Amazon EC2 pricing model offers the MOST significant discount when compared to On-Demand Instances?,Partial Upfront Reserved Instances for a 1-year term,All Upfront Reserved Instances for a 1-year term,All Upfront Reserved Instances for a 3-year term,No Upfront Reserved Instances for a 3-year term,,['c'],,https://aws.amazon.com/ec2/pricing/reserved-instances/,,
pe-17,008,Which of the following is the responsibility of AWS?,Setting up AWS Identity and Access Management (IAM) users and groups,Physically destroying storage media at end of life,Patching guest operating systems,Configuring security settings on Amazon EC2 instances,,['b'],"- Media storage devices used to store customer data are classified by AWS as Critical and treated accordingly, as high impact, throughout their life-cycles.",,,
pe-17,009,Which of the following is an advantage of using AWS?,AWS audits user data.,Data is automatically secure.,There is no guessing on capacity needs.,AWS manages compliance needs.,,['c'],"- AWS allows you to access as much or as little capacity as you need, and scale up or down as required with only a few minutes’ notice",,,
pe-17,010,Which AWS service would a customer use with a static website to achieve lower latency and high transfer speeds?,AWS Lambda,Amazon DynamoDB Accelerator,Amazon Route 53,Amazon CloudFront,,['d'],"- Amazon CloudFront is a fast content delivery network (CDN) service that securely delivers data, videos, applications, and APIs to customers globally with low latency, high transfer speeds, all within a developer- friendly environment.",,,
pe-17,011,Which services manage and automate application deployments on AWS? (Choose two.),AWS Elastic Beanstalk,AWS CodeCommit,AWS Data Pipeline,AWS CloudFormation,AWS Config,"['a', 'd']",- EBS -> automates deploying code and provisioning infrastructure,,,
pe-17,012,A user wants guidance on possible savings when migrating from on-premises to AWS. <br/> Which tool is suitable for this scenario?,AWS Budgets,Cost Explorer,AWS Total Cost of Ownership (TCO) Calculator,AWS Well-Architected Tool,,['c'],- The TCO Calculator provides directional guidance on possible realized savings when deploying AWS.,,,
pe-17,013,Which principles are used to architect applications for reliability on the AWS Cloud? (Choose two.),Design for automated failure recovery,Use multiple Availability Zones,Manage changes via documented processes,Test for moderate demand to ensure reliability,Backup recovery to an on-premises environment,"['a', 'b']",,https://aws.amazon.com/blogs/apn/the-5-pillars-of-the-aws-well-architected-framework/,,
pe-17,014,What tasks should a customer perform when that customer suspects an AWS account has been compromised? (Choose two.),Rotate passwords and access keys.,Remove MFA tokens.,Move resources to a different AWS Region.,Delete AWS CloudTrail Resources.,Contact AWS Support.,"['a', 'e']",,https://aws.amazon.com/premiumsupport/knowledge-center/potential-account-compromise/,,
pe-17,015,What is an example of high availability in the AWS Cloud?,Consulting AWS technical support at any time day or night,"Ensuring an application remains accessible, even if a resource fails",Making any AWS service available for use by paying on demand,Deploying in any part of the world using AWS Regions,,['b'],,https://aws.amazon.com/blogs/startups/high-availability-for-mere-mortals/,,
pe-17,016,Which AWS security service protects applications from distributed denial of service attacks with always-on detection and automatic inline mitigations?,Amazon Inspector,AWS Web Application Firewall (AWS WAF),Elastic Load Balancing (ELB),AWS Shield,,['d'],- AWS Shield is a managed Distributed Denial of Service (DDoS) protection service that safeguards applications running on AWS.,,,
pe-17,017,A company wants to monitor the CPU usage of its Amazon EC2 resources. <br/> Which AWS service should the company use?,AWS CloudTrail,Amazon CloudWatch,AWS Cost and Usage report,Amazon Simple Notification Service (Amazon SNS),,['b'],- With Basic monitoring you get data on your cloudwatch metrics every 5 minutes.,,,
pe-17,018,What is an AWS Identity and Access Management (IAM) role?,A user associated with an AWS resource,A group associated with an AWS resource,An entity that defines a set of permissions for use with an AWS resource,An authentication credential associated with a multi-factor authentication (MFA) token,,['c'],- AWS Identity and Access Management (IAM) enables you to manage access to AWS services and resources securely.,,,
pe-17,019,What are the advantages of Reserved Instances? (Choose two.),They provide a discount over on-demand pricing.,They provide access to additional instance types.,They provide additional networking capability.,Customers can upgrade instances as new types become available.,Customers can reserve capacity in an Availability Zone.,"['a', 'e']",,https://aws.amazon.com/premiumsupport/knowledge-center/ec2-ri-basics/,,
pe-17,020,How do Amazon EC2 Auto Scaling groups help achieve high availability for a web application?,They automatically add more instances across multiple AWS Regions based on global demand of the application.,They automatically add or replace instances across multiple Availability Zones when the application needs it.,They enable the application's static content to reside closer to end users.,They are able to distribute incoming requests across a tier of web server instances.,,['b'],"- When the unhealthy Availability Zone returns to a healthy state, Auto Scaling automatically redistributes the application instances evenly across all of the designated Availability Zones.",,,
pe-17,021,How can one AWS account use Reserved Instances from another AWS account?,By using Amazon EC2 Dedicated Instances,By using AWS Organizations consolidated billing,By using the AWS Cost Explorer tool,By using AWS Budgets,,['b'],- The account that originally purchased the Reserved Instance receives the discount first.,,,
pe-17,022,"A customer runs an On-Demand Amazon Linux EC2 instance for 3 hours, 5 minutes, and 6 seconds. <br/> For how much time will the customer be billed?","3 hours, 5 minutes","3 hours, 5 minutes, and 6 seconds","3 hours, 6 minutes",4 hours,,['b'],,https://aws.amazon.com/premiumsupport/knowledge-center/ec2-instance-hour-billing/,,
pe-17,023,Which of the following AWS services provide compute resources? (Choose two.),AWS Lambda,Amazon Elastic Container Service (Amazon ECS),AWS CodeDeploy,Amazon Glacier,AWS Organizations,"['a', 'b']",,https://docs.aws.amazon.com/whitepapers/latest/aws-overview/compute-services.html,,
pe-17,024,Which AWS service enables users to deploy infrastructure as code by automating the process of provisioning resources?,Amazon GameLift,AWS CloudFormation,AWS Data Pipeline,AWS Glue,,['b'],- AWS CloudFormation provides a common language for you to model and provision AWS and third party application resources in your cloud environment.,,,
pe-17,025,Which AWS services provide a way to extend an on-premises architecture to the AWS Cloud? (Choose two.),Amazon EBS,AWS Direct Connect,Amazon CloudFront,AWS Storage Gateway,Amazon Connect,"['b', 'd']",,https://aws.amazon.com/hybrid/,,
pe-17,026,Which of the following allows users to provision a dedicated network connection from their internal network to AWS?,AWS CloudHSM,AWS Direct Connect,AWS VPN,Amazon Connect,,['b'],- AWS Direct Connect lets you establish a dedicated network connection between your network and one of the AWS Direct Connect locations.,,,
pe-17,027,Which services use AWS edge locations? (Choose two.),Amazon CloudFront,AWS Shield,Amazon EC2,Amazon RDS,Amazon ElastiCache,"['a', 'b']",,https://www.edureka.co/community/600/what-is-an-edge-location-in-aws,,
pe-17,028,Which service would provide network connectivity in a hybrid architecture that includes the AWS Cloud?,Amazon VPC,AWS Direct Connect,AWS Directory Service,Amazon API Gateway,,['a'],"- Amazon Virtual Private Cloud (Amazon VPC) is a logically isolated, private section of the AWS Cloud to launch resources in a virtual data center in the cloud.",,,
pe-17,029,Which tool can be used to compare the costs of running a web application in a traditional hosting environment to running it on AWS?,AWS Cost Explorer,AWS Budgets,AWS Cost and Usage report,AWS Total Cost of Ownership (TCO) Calculator,,['d'],,https://aws.amazon.com/tco-calculator/,,
pe-17,030,What is the value of using third-party software from AWS Marketplace instead of installing third-party software on Amazon EC2? (Choose two.),Users pay for software by the hour or month depending on licensing.,AWS Marketplace enables the user to launch applications with 1-Click.,AWS Marketplace data encryption is managed by a third-party vendor.,AWS Marketplace eliminates the need to upgrade to newer software versions.,Users can deploy third-party software without testing.,"['a', 'b']",,https://aws.amazon.com/partners/aws-marketplace/,,
pe-17,031,Which of the following is a cloud architectural design principle?,"Scale up, not out.",Loosely couple components.,Build monolithic systems.,Use commercial database software.,,['b'],"- Loosely coupled architectures reduce interdependencies, so that a change or failure in a component does not cascade to other components.",,,
pe-17,032,Under the shared responsibility model; which of the following areas are the customer's responsibility? (Choose two.),Firmware upgrades of network infrastructure,Patching of operating systems,Patching of the underlying hypervisor,Physical security of data centers,Configuration of the security group,"['b', 'e']",,https://aws.amazon.com/compliance/shared-responsibility-model/,,
pe-17,033,Which service enables customers to audit and monitor changes in AWS resources?,AWS Trusted Advisor,Amazon GuardDuty,Amazon Inspector,AWS Config,,['d'],"- AWS Config is a service that enables you to assess, audit, and evaluate the configurations of your AWS resources.",,,
pe-17,034,Which AWS service identifies security groups that allow unrestricted access to a user's AWS resources?,AWS CloudTrail,AWS Trusted Advisor,Amazon CloudWatch,Amazon Inspector,,['b'],,,,
pe-17,035,"According to the AWS shared responsibility model, who is responsible for configuration management?",It is solely the responsibility of the customer.,It is solely the responsibility of AWS.,It is shared between AWS and the customer.,It is not part of the AWS shared responsibility model.,,['c'],"- AWS maintains the configuration of its infrastructure devices, but a customer is responsible for configuring their own guest operating systems, databases, and applications.",,,
pe-17,036,"Which AWS service is a content delivery network that securely delivers data, video, and applications to users globally with low latency and high speeds?",AWS CloudFormation,AWS Direct Connect,Amazon CloudFront,Amazon Pinpoint,,['c'],"- Amazon CloudFront is a fast content delivery network (CDN) service that securely delivers data, videos, applications, and APIs to customers globally with low latency, high transfer speeds, all within a developer- friendly environment.",,,
pe-17,037,Which benefit of the AWS Cloud supports matching the supply of resources with changing workload demands?,Security,Reliability,Elasticity,High availability,,['c'],,https://wa.aws.amazon.com/wat.map.en.html,,
pe-17,038,A user is running an application on AWS and notices that one or more AWS-owned IP addresses is involved in a distributed denial-of-service (DDoS) attack. <br/> Who should the user contact FIRST about this situation?,AWS Premium Support,AWS Technical Account Manager,AWS Solutions Architect,AWS Abuse team,,['d'],,https://aws.amazon.com/premiumsupport/knowledge-center/report-aws-abuse/,,
pe-17,039,Which of the following are benefits of hosting infrastructure in the AWS Cloud? (Choose two.),There are no upfront commitments.,AWS manages all security in the cloud.,Users have the ability to provision resources on demand.,Users have access to free and unlimited storage.,Users have control over the physical infrastructure.,"['a', 'c']",,,,
pe-17,040,What AWS service would be used to centrally manage AWS access policies across multiple accounts?,AWS Service Catalog,AWS Config,AWS Trusted Advisor,AWS Organizations,,['d'],- AWS Organizations helps you centrally govern your environment as you grow and scale your workloads on AWS.,,,
pe-17,041,What is AWS Trusted Advisor?,It is an AWS staff member who provides recommendations and best practices on how to use AWS.,It is a network of AWS partners who provide recommendations and best practices on how to use AWS.,"It is an online tool with a set of automated checks that provides recommendations on cost optimization, performance, and security.","It is another name for AWS Technical Account Managers who provide recommendations on cost optimization, performance, and security.",,['c'],- AWS Trusted Advisor is an online tool that provides you real time guidance to help you provision your resources following AWS best practices.,,,
pe-17,042,"Which AWS service or feature allows a company to visualize, understand, and manage AWS costs and usage over time?",AWS Budgets,AWS Cost Explorer,AWS Organizations,Consolidated billing,,['b'],"- AWS Cost Explorer has an easy-to-use interface that lets you visualize, understand, and manage your AWS costs and usage over time.",,,
pe-17,043,Which AWS service offers on-demand access to AWS security and compliance reports?,AWS CloudTrail,AWS Artifact,AWS Health,Amazon CloudWatch,,['b'],"- AWS Artifact is your go-to, central resource for compliance-related information that matters to you.",,,
pe-17,044,What are the benefits of using the AWS Cloud for companies with customers in many countries around the world? (Choose two.),Companies can deploy applications in multiple AWS Regions to reduce latency.,Amazon Translate automatically translates third-party website interfaces into multiple languages.,Amazon CloudFront has multiple edge locations around the world to reduce latency.,Amazon Comprehend allows users to build applications that can respond to user requests in many languages.,"Elastic Load Balancing can distribute application web traffic to multiple AWS Regions around the world, which reduces latency.","['a', 'c']",,https://aws.amazon.com/cloudfront/,,
pe-17,045,"Which AWS service handles the deployment details of capacity provisioning, load balancing, Auto Scaling, and application health monitoring?",AWS Config,AWS Elastic Beanstalk,Amazon Route 53,Amazon CloudFront,,['b'],"- Upload your code and Elastic Beanstalk automatically handles the deployment, from capacity provisioning, load balancing, auto-scaling to application health monitoring.",,,
pe-17,046,Which AWS service provides inbound and outbound network ACLs to harden external connectivity to Amazon EC2?,AWS IAM,Amazon Connect,Amazon VPC,Amazon API Gateway,,['c'],,https://docs.aws.amazon.com/vpc/latest/userguide/VPC_Security.html,,
pe-17,047,"When a company provisions web servers in multiple AWS Regions, what is being increased?",Coupling,Availability,Security,Durability,,['b'],,https://docs.aws.amazon.com/AWSEC2/latest/UserGuide/using-regions-availability-zones.html,,
pe-17,048,The pay-as-you-go pricing model for AWS services:,reduces capital expenditures.,requires payment up front for AWS services.,"is relevant only for Amazon EC2, Amazon S3, and Amazon RDS.",reduces operational expenditures.,,['a'],,https://www.10thmagnitude.com/opex-vs-capex-the-real-cloud-computing-cost-advantage/,,
pe-17,049,"Under the AWS shared responsibility model, AWS is responsible for which security-related task?",Lifecycle management of IAM credentials,Physical security of global infrastructure,Encryption of Amazon EBS volumes,Firewall configuration,,['b'],,https://cloudacademy.com/blog/aws-shared-responsibility-model-security/,,
pe-17,050,Which AWS service enables users to consolidate billing across multiple accounts?,Amazon QuickSight,AWS Organizations,AWS Budgets,Amazon Forecast,,['b'],- You can use the consolidated billing feature in AWS Organizations to consolidate billing and payment for multiple AWS accounts or multiple Amazon Internet Services Pvt. Ltd (AISPL) accounts.,,,
pe-18,001,"Under the AWS shared responsibility model, which of the following is an example of security in the AWS Cloud?",Managing edge locations,Physical security,Firewall configuration,Global infrastructure,,['c'],,https://aws.amazon.com/compliance/shared-responsibility-model/,,
pe-18,002,How can an AWS user with an AWS Basic Support plan obtain technical assistance from AWS?,AWS Senior Support Engineers,AWS Technical Account Managers,AWS Trusted Advisor,AWS Discussion Forums,,['d'],,https://aws.amazon.com/premiumsupport/faqs/,,
pe-18,003,Which of the following are pillars of the AWS Well-Architected Framework? (Choose two.),Multiple Availability Zones,Performance efficiency,Security,Encryption usage,High availability,"['b', 'c']",,https://d1.awsstatic.com/whitepapers/architecture/AWS_Well-Architected_Framework.pdf,,
pe-18,004,"After selecting an Amazon EC2 Dedicated Host reservation, which pricing option would provide the largest discount?",No upfront payment,Hourly on-demand payment,Partial upfront payment,All upfront payment,,['d'],,https://aws.amazon.com/ec2/pricing/reserved-instances/pricing/,,
pe-18,005,What is an advantage of deploying an application across multiple Availability Zones?,There is a lower risk of service failure if a natural disaster causes a service disruption in a given AWS Region.,The application will have higher availability because it can withstand a service disruption in one Availability Zone.,There will be better coverage as Availability Zones are geographically distant and can serve a wider area.,There will be decreased application latency that will improve the user experience.,,['b'],,https://docs.aws.amazon.com/AWSEC2/latest/UserGuide/using-regions-availability-zones.html,,
pe-18,006,A Cloud Practitioner is asked how to estimate the cost of using a new application on AWS. <br/> What is the MOST appropriate response?,Inform the user that AWS pricing allows for on-demand pricing.,Direct the user to the AWS Simple Monthly Calculator for an estimate.,Use Amazon QuickSight to analyze current spending on-premises.,Use Amazon AppStream 2.0 for real-time pricing analytics.,,['b'],,https://aws.amazon.com/premiumsupport/knowledge-center/estimating-aws-resource-costs/,,
pe-18,007,A company wants to migrate its applications to a VPC on AWS. These applications will need to access on-premises resources. <br/> What combination of actions will enable the company to accomplish this goal? (Choose two.),Use the AWS Service Catalog to identify a list of on-premises resources that can be migrated.,Build a VPN connection between an on-premises device and a virtual private gateway in the new VPC.,Use Amazon Athena to query data from the on-premises database servers.,Connect the company's on-premises data center to AWS using AWS Direct Connect.,Leverage Amazon CloudFront to restrict access to static web content provided through the company's on-premises web servers.,"['b', 'd']",,https://aws.amazon.com/blogs/apn/amazon-vpc-for-on-premises-network-engineers-part-one/,,
pe-18,008,A web application running on AWS has been spammed with malicious requests from a recurring set of IP addresses. <br/> Which AWS service can help secure the application and block the malicious traffic?,AWS IAM,Amazon GuardDuty,Amazon Simple Notification Service (Amazon SNS),AWS WAF,,['d'],"- AWS WAF is a web application firewall that helps protect web applications from common web exploits that could affect application availability, compromise security, or consume excessive resources.",,,
pe-18,009,Treating infrastructure as code in the AWS Cloud allows users to:,automate migration of on-premises hardware to AWS data centers.,let a third party automate an audit of the AWS infrastructure.,turn over application code to AWS so it can run on the AWS infrastructure.,automate the infrastructure provisioning process.,,['d'],,https://asperbrothers.com/blog/infrastructure-as-code-aws/,,
pe-18,010,A company requires a dedicated network connection between its on-premises servers and the AWS Cloud. <br/> Which AWS service should be used?,AWS VPN,AWS Direct Connect,Amazon API Gateway,Amazon Connect,,['b'],"- You can use AWS Direct Connect to establish a private virtual interface from your on-premise network directly to your Amazon VPC, providing you with a private, high bandwidth network connection between your network and your VPC.",,,
pe-18,011,Which AWS service can be used to query stored datasets directly from Amazon S3 using standard SQL?,AWS Glue,AWS Data Pipeline,Amazon CloudSearch,Amazon Athena,,['d'],"- Amazon Athena is defined as ""an interactive query service that makes it easy to analyze data directly in Amazon Simple Storage Service (Amazon S3) using standard SQL."" So, it's another SQL query engine for large data sets stored in S3.",,,
pe-18,012,AWS CloudFormation is designed to help the user:,model and provision resources.,update application code.,set up data lakes.,create reports for billing.,,['a'],- AWS CloudFormation provides a common language for you to model and provision AWS and third party application resources in your cloud environment.,,,
pe-18,013,Which of the following is an AWS database service?,Amazon Redshift,Amazon Elastic Block Store (Amazon EBS),Amazon S3 Glacier,AWS Snowball,,['a'],,https://www.sisense.com/glossary/redshift-database/,,
pe-18,014,A Cloud Practitioner must determine if any security groups in an AWS account have been provisioned to allow unrestricted access for specific ports. <br/> What is the SIMPLEST way to do this?,Review the inbound rules for each security group in the Amazon EC2 management console to check for port 0.0.0.0/0.,Run AWS Trusted Advisor and review the findings.,Open the AWS IAM console and check the inbound rule filters for open access.,"In AWS Config, create a custom rule that invokes an AWS Lambda function to review rules for inbound access.",,['b'],,https://docs.aws.amazon.com/AWSEC2/latest/WindowsGuide/ec2-security-groups.html,,
pe-18,015,What are the benefits of developing and running a new application in the AWS Cloud compared to on-premises? (Choose two.),AWS automatically distributes the data globally for higher durability.,AWS will take care of operating the application.,AWS makes it easy to architect for high availability.,AWS can easily accommodate application demand changes.,AWS takes care application security patching.,"['c', 'd']",,,,
pe-18,016,A user needs an automated security assessment report that will identify unintended network access to Amazon EC2 instances and vulnerabilities on those instances. <br/> Which AWS service will provide this assessment report?,EC2 security groups,AWS Config,Amazon Macie,Amazon Inspector,,['d'],- Amazon Inspector is an automated security assessment service that helps improve the security and compliance of applications deployed on AWS.,,,
pe-18,017,How can a company isolate the costs of production and non-production workloads on AWS?,Create Identity and Access Management (IAM) roles for production and non-production workloads.,Use different accounts for production and non-production expenses.,Use Amazon EC2 for non-production workloads and other services for production workloads.,Use Amazon CloudWatch to monitor the use of services.,,['b'],,https://aws.amazon.com/answers/account-management/aws-multi-account-billing-strategy/,,
pe-18,018,Where can users find a catalog of AWS-recognized providers of third-party security solutions?,AWS Service Catalog,AWS Marketplace,AWS Quick Start,AWS CodeDeploy,,['b'],- AWS Service Catalog Delivery Partners are APN Consulting Partners who help create catalogs of IT services that are approved by the customer's organization for use on AWS.,,,
pe-18,019,A Cloud Practitioner needs to store data for 7 years to meet regulatory requirements. <br/> Which AWS service will meet this requirement at the LOWEST cost?,Amazon S3,AWS Snowball,Amazon Redshift,Amazon S3 Glacier,,['d'],- S3 Glacier Deep Archive is Amazon S3's lowest-cost storage class and supports long-term retention and digital preservation for data that may be accessed once or twice in a year.,,,
pe-18,020,What are the immediate benefits of using the AWS Cloud? (Choose two.),Increased IT staff.,Capital expenses are replaced with variable expenses.,User control of infrastructure.,Increased agility.,AWS holds responsibility for security in the cloud.,"['c', 'd']",,,,
pe-18,021,Which security service automatically recognizes and classifies sensitive data or intellectual property on AWS?,Amazon GuardDuty,Amazon Macie,Amazon Inspector,AWS Shield,,['b'],"- Amazon Macie is a security service that uses machine learning to automatically discover, classify, and protect sensitive data in AWS.",,,
pe-18,022,What is the purpose of AWS Storage Gateway?,It ensures on-premises data storage is 99.999999999% durable.,It transports petabytes of data to and from AWS.,It connects to multiple Amazon EC2 instances.,It connects on-premises data storage to the AWS Cloud.,,['d'],- Moving data to the cloud is not quite as simple as flipping a switch.,,,
pe-18,023,What should users do if they want to install an application in geographically isolated locations?,Install the application using multiple internet gateways.,Deploy the application to an Amazon VPC.,Deploy the application to multiple AWS Regions.,Configure the application using multiple NAT gateways.,,['c'],,https://docs.aws.amazon.com/AWSEC2/latest/UserGuide/using-regions-availability-zones.html,,
pe-18,024,A system in the AWS Cloud is designed to withstand the failure of one or more components. <br/> What is this an example of?,Elasticity,High Availability,Scalability,Agility,,['b'],,https://wa.aws.amazon.com/wat.question.REL_7.en.html,,
pe-18,025,A Cloud Practitioner needs a consistent and dedicated connection between AWS resources and an on-premises system. <br/> Which AWS service can fulfill this requirement?,AWS Direct Connect,AWS VPN,Amazon Connect,AWS Data Pipeline,,['a'],"- You can use AWS Direct Connect to establish a private virtual interface from your on-premise network directly to your Amazon VPC, providing you with a private, high bandwidth network connection between your network and your VPC.",,,
pe-18,026,"Within the AWS shared responsibility model, who is responsible for security and compliance?",The customer is responsible.,AWS is responsible.,AWS and the customer share responsibility.,AWS shares responsibility with the relevant governing body.,,['c'],- Security and Compliance is a shared responsibility between AWS and the customer.,,,
pe-18,027,"To use the AWS CLI, users are required to generate:",a password policy.,an access/secret key.,a managed policy.,an API key.,,['b'],,,,
pe-18,028,Which AWS service is used to provide encryption for Amazon EBS?,AWS Certificate Manager,AWS Systems Manager,AWS KMS,AWS Config,,['c'],,https://docs.aws.amazon.com/kms/latest/developerguide/services-ebs.html,,
pe-18,029,How does AWS charge for AWS Lambda usage once the free tier has been exceeded? (Choose two.),By the time it takes for the Lambda function to execute.,By the number of versions of a specific Lambda function.,By the number of requests made for a given Lambda function.,By the programming language that is used for the Lambda function.,By the total number of Lambda functions in an AWS account.,"['a', 'c']",,https://aws.amazon.com/lambda/pricing/,,
pe-18,030,"Which of the following describes the relationships among AWS Regions, Availability Zones, and edge locations? (Choose two.)",There are more AWS Regions than Availability Zones.,There are more edge locations than AWS Regions.,An edge location is an Availability Zone.,There are more AWS Regions than edge locations.,There are more Availability Zones than AWS Regions.,"['b', 'e']",,,,
pe-18,031,What does AWS Shield Standard provide?,WAF rules,DDoS protection,Identity and Access Management (IAM) permissions and access to resources,Data encryption,,['b'],"- AWS Shield Standard provides protection for all AWS customers from common, most frequently occurring network and transport layer DDoS attacks that target your web site or application at no additional charge.",,,
pe-18,032,A company wants to build its new application workloads in the AWS Cloud instead of using on-premises resources. <br/> What expense can be reduced using the AWS Cloud?,The cost of writing custom-built Java or Node .js code,Penetration testing for security,hardware required to support new applications,Writing specific test cases for third-party applications.,,['c'],,https://aws.amazon.com/pricing/cost-optimization/,,
pe-18,033,What does AWS Marketplace allow users to do? (Choose two.),Sell unused Amazon EC2 Spot Instances.,Sell solutions to other AWS users.,Buy third-party software that runs on AWS.,Purchase AWS security and compliance documents.,Order AWS Snowball.,"['b', 'c']",,https://aws.amazon.com/marketplace,,
pe-18,034,What does it mean if a user deploys a hybrid cloud architecture on AWS?,All resources run using on-premises infrastructure.,Some resources run on-premises and some run in a colocation center.,All resources run in the AWS Cloud.,Some resources run on-premises and some run in the AWS Cloud.,,['d'],,https://aws.amazon.com/hybrid/,,
pe-18,035,Which AWS service allows users to identify the changes made to a resource over time?,Amazon Inspector,AWS Config,AWS Service Catalog,AWS IAM,,['b'],,https://docs.aws.amazon.com/config/latest/developerguide/view-manage-resource.html,,
pe-18,036,How can a company reduce its Total Cost of Ownership (TCO) using AWS?,By minimizing large capital expenditures,By having no responsibility for third-party license costs,By having no operational expenditures,By having AWS manage applications,,['a'],- AWS helps you reduce Total Cost of Ownership (TCO) by reducing the need to invest in large capital expenditures and providing a pay-as-you-go model that empowers you to invest in the capacity you need and use it only when the business requires it.,,,
pe-18,037,Which activity is a customer responsibility in the AWS Cloud according to the AWS shared responsibility model?,Ensuring network connectivity from AWS to the internet,Patching and fixing flaws within the AWS Cloud infrastructure,Ensuring the physical security of cloud data centers,Ensuring Amazon EBS volumes are backed up,,['d'],,https://aws.amazon.com/blogs/security/the-aws-shared-responsibility-model-and-gdpr/,,
pe-18,038,What are the advantages of the AWS Cloud? (Choose two.),Fixed rate monthly cost,No need to guess capacity requirements,Increased speed to market,Increased upfront capital expenditure,Physical access to cloud data centers,"['b', 'c']",,https://data-flair.training/blogs/aws-advantages/,,
pe-18,039,"When comparing the total cost of ownership (TCO) of an on-premises infrastructure to a cloud architecture, what costs should be considered? (Choose two.)",The credit card processing fees for application transactions in the cloud.,The cost of purchasing and installing server hardware in the on-premises data.,"The cost of administering the infrastructure, including operating system and software installations, patches, backups, and recovering from failures.",The costs of third-party penetration testing.,The advertising costs associated with an ongoing enterprise-wide campaign.,"['b', 'c']",,https://aws.amazon.com/tco-calculator/,,
pe-18,040,Which AWS feature allows a company to take advantage of usage tiers for services across multiple member accounts?,Service control policies (SCPs),Consolidated billing,All Upfront Reserved Instances,AWS Cost Explorer,,['b'],,https://aws.amazon.com/tco-calculator/,,
pe-18,041,What is one of the customer's responsibilities according to the AWS shared responsibility model?,Virtualization infrastructure,Network infrastructure,Application security,Physical security of hardware,,['c'],,https://cloudacademy.com/blog/aws-shared-responsibility-model-security/,,
pe-18,042,What helps a company provide a lower latency experience to its users globally?,Using an AWS Region that is central to all users,Using a second Availability Zone in the AWS Region that is using used,Enabling caching in the AWS Region that is being used,Using edge locations to put content closer to all users,,['d'],,https://docs.aws.amazon.com/whitepapers/latest/aws-overview/six-advantages-of-cloud-computing.html,,
pe-18,043,How can the AWS Cloud increase user workforce productivity after migration from an on-premises data center?,Users do not have to wait for infrastructure provisioning.,The AWS Cloud infrastructure is much faster than an on-premises data center infrastructure.,AWS takes over application configuration management on behalf of users.,Users do not need to address security and compliance issues.,,['a'],,https://d1.awsstatic.com/whitepapers/Migration/aws-migration-whitepaper.pdf,,
pe-18,044,Which AWS service provides a quick and automated way to create and manage AWS accounts?,AWS QuickSight,Amazon Lightsail,AWS Organizations,Amazon Connect,,['c'],,https://aws.amazon.com/blogs/mt/automate-account-creation-and-resource-provisioning-using-aws-service-catalog-aws-organizations-and-aws-lambda/,,
pe-18,045,Which Amazon RDS feature can be used to achieve high availability?,Multiple Availability Zones,Amazon Reserved Instances,Provisioned IOPS storage,Enhanced monitoring,,['a'],- Amazon RDS provides high availability and failover support for DB instances using Multi-AZ deployments.,,,
pe-18,046,Where should users report that AWS resources are being used for malicious purposes?,AWS Abuse team,AWS Shield,AWS Support,AWS Developer Forums,,['a'],,https://aws.amazon.com/premiumsupport/knowledge-center/report-aws-abuse/,,
pe-18,047,Which AWS service needs to be enabled to track all user account changes within the AWS Management Console?,AWS CloudTrail,Amazon Simple Notification Service (Amazon SNS),VPC Flow Logs,AWS CloudHSM,,['a'],"- AWS CloudTrail is a service that enables governance, compliance, operational auditing, and risk auditing of your AWS account.",,,
pe-18,048,What is an AWS Cloud design best practice?,Tight coupling of components,Single point of failure,High availability,Overprovisioning of resources,,['c'],,https://d1.awsstatic.com/whitepapers/AWS_Cloud_Best_Practices.pdf,,
pe-18,049,Why is AWS more economical than traditional data centers for applications with varying compute workloads?,Amazon Elastic Compute Cloud (Amazon EC2) costs are billed on a monthly basis.,Customers retain full administrative access to their Amazon EC2 instances.,Amazon EC2 instances can be launched on-demand when needed.,Customers can permanently run enough instances to handle peak workloads.,,['c'],- The ability to launch instances on-demand when needed allows customers launch and terminate instances in response to a varying workload.,,,
pe-18,050,Which AWS service would simplify migration of a database to AWS?,AWS Storage Gateway,AWS Database Migration Service (AWS DMS),Amazon Elastic Compute Cloud (Amazon EC2),Amazon AppStream 2.0,,['b'],,https://aws.amazon.com/dms/,,
pe-19,001,"Which AWS offering enables customers to find, buy, and immediately start using software solutions in their AWS environment?",AWS Config,AWS OpsWorks,AWS SDK,AWS Marketplace,,['d'],,https://aws.amazon.com/mp/,,
pe-19,002,Which AWS networking service enables a company to create a virtual network within AWS?,AWS Config,Amazon Route 53,AWS Direct Connect,Amazon Virtual Private Cloud (Amazon VPC.,,['d'],,https://aws.amazon.com/vpc/,,
pe-19,003,Which of the following is AWS's responsibility under the AWS shared responsibility model?,Configuring third-party applications,Maintaining physical hardware,Securing application access and data,Managing custom Amazon Machine Images (AMIs),,['b'],,https://aws.amazon.com/compliance/shared-responsibility-model/,,
pe-19,004,Which component of AWS global infrastructure does Amazon CloudFront use to ensure low-latency delivery?,AWS Regions,AWS edge locations,AWS Availability Zones,Amazon Virtual Private Cloud (Amazon VPC.,,['b'],,https://aws.amazon.com/cloudfront/,,
pe-19,005,How would a system administrator add an additional layer of login security to a user's AWS Management Console?,Use AWS Cloud Directory,Audit AWS Identity and Access Management (IAM) roles,Enable Multi-Factor Authentication,Enable AWS CloudTrail,,['c'],,https://aws.amazon.com/iam/details/mfa/,,
pe-19,006,Which service can identify the user that made the API call when an Amazon Elastic Compute Cloud (Amazon EC2) instance is terminated?,Amazon CloudWatch,AWS CloudTrail,AWS X-Ray,AWS Identity and Access Management (AWS IAM),,['b'],,http://docs.aws.amazon.com/awscloudtrail/latest/userguide/cloudtrail-user-guide.html,,
pe-19,007,Which service would you use to send alerts based on Amazon CloudWatch alarms?,Amazon Simple Notification Service (Amazon SNS),AWS CloudTrail,AWS Trusted Advisor,Amazon Route 53,,['a'],,http://docs.aws.amazon.com/AmazonCloudWatch/latest/monitoring/AlarmThatSendsEmail.html,,
pe-19,008,Where can a customer find information about prohibited actions on AWS infrastructure?,AWS Trusted Advisor,AWS Identity and Access Management (IAM),AWS Billing Console,AWS Acceptable Use Policy,,['d'],,https://aws.amazon.com/aup/,,
pe-19,009,Which of the following is an example of how moving to the AWS Cloud reduces upfront cost?,By replacing large variable costs with lower capital investments,By replacing large capital investments with lower variable costs,By allowing the provisioning of compute and storage at a fixed level to meet peak demand,By replacing the repeated scaling of virtual servers with a simpler fixed-scale model,,['b'],- AWS does not require minimum spend commitments or long-term contracts.,,,
pe-19,010,"When designing a typical three-tier web application, which AWS services and/or features improve availability and reduce the impact failures? (Choose two.)",AWS Auto Scaling for Amazon EC2 instances,Amazon VPC subnet ACLs to check the health of a service,Distributed resources across multiple Availability Zones,AWS Server Migration Service (AWS SMS) to move Amazon EC2 instances into a different Region,Distributed resources across multiple AWS points of presence,"['a', 'c']",,https://d1.awsstatic.com/whitepapers/AWS_Cloud_Best_Practices.pdf,,
pe-19,011,Which cloud design principle aligns with AWS Cloud best practices?,Create fixed dependencies among application components,Aggregate services on a single instance,Deploy applications in a single Availability Zone,Distribute the compute load across multiple resources,,['d'],- Use load balancing for offloading encryption termination (TLS) to improve performance and to manage and route traffic effectively.,,,
pe-19,012,Which of the following are recommended practices for managing IAM users? (Choose two.),Require IAM users to change their passwords after a specified period of time,Prevent IAM users from reusing previous passwords,Recommend that the same password be used on AWS and other sites,Require IAM users to store their passwords in raw text,Disable multi-factor authentication (MFA) for IAM users,"['a', 'b']",,https://docs.aws.amazon.com/IAM/latest/UserGuide/best-practices.html,,
pe-19,013,A company is migrating from on-premises data centers to the AWS Cloud and is looking for hands-on help with the project. <br/> How can the company get this support? (Choose two.),Ask for a quote from the AWS Marketplace team to perform a migration into the company's AWS account.,Contact AWS Support and open a case for assistance,Use AWS Professional Services to provide guidance and to set up an AWS Landing Zone in the company's AWS account,Select a partner from the AWS Partner Network (APN) to assist with the migration,Use Amazon Connect to create a new request for proposal (RFP) for expert assistance in migrating to the AWS Cloud.,"['c', 'd']",,https://aws.amazon.com/solutions/aws-landing-zone/,,
pe-19,014,How does the AWS Enterprise Support Concierge team help users?,Supporting application development,Providing architecture guidance,Answering billing and account inquires,Answering questions regarding technical support cases,,['c'],,https://aws.amazon.com/premiumsupport/plans/enterprise/,,
pe-19,015,An application designed to span multiple Availability Zones is described as:,being highly available,having global reach,using an economy of scale,having elasticity,,['a'],,,,
pe-19,016,"A new service using AWS must be highly available. Yet, due to regulatory requirements, all of its Amazon EC2 instances must be located in a single geographic area. <br/> According to best practices, to meet these requirements, the EC2 instances must be placed in at least two:",AWS Regions,Availability Zones,subnets,placement groups,,['b'],,https://aws.amazon.com/ec2/faqs/,,
pe-19,017,Which AWS tool is used to compare the cost of running an application on-premises to running the application in the AWS Cloud?,AWS Trusted Advisor,AWS Simple Monthly Calculator,AWS Pricing Calculator,Cost Explorer,,['c'],,https://aws.amazon.com/tco-calculator/,,
pe-19,018,A company has multiple AWS accounts within AWS Organizations and wants to apply the Amazon EC2 Reserved Instances benefit to a single account only. <br/> Which action should be taken?,Purchase the Reserved Instances from master payer account and turn off Reserved Instance sharing.,Enable billing alerts in the AWS Billing and Cost Management console.,Purchase the Reserved Instances in individual linked accounts and turn off Reserved Instance sharing from the payer level.,Enable Reserved Instance sharing in the AWS Billing and Cost Management console.,,['a'],,https://aws.amazon.com/premiumsupport/knowledge-center/ec2-ri-consolidated-billing/,,
pe-19,019,Which situation should be reported to the AWS Abuse team?,In Availability Zone has a service disruption,An intrusion attempt is made from an AWS IP address,A user has trouble accessing an Amazon S3 bucket from an AWS IP address,A user needs to change payment methods due to a compromise,,['b'],,https://aws.amazon.com/premiumsupport/knowledge-center/report-aws-abuse/,,
pe-19,020,A company is planning to launch an ecommerce site in a single AWS Region to a worldwide user base. <br/> Which AWS services will allow the company to reach users and provide low latency and high transfer speeds? (Choose two.),Application Load Balancer,AWS Global Accelerator,AWS Direct Connect,Amazon CloudFront,AWS Lambda,"['b', 'd']",,https://aws.amazon.com/cloudfront/faqs/,,
pe-19,021,Which AWS service or resource is serverless?,AWS Lambda,Amazon EC2 instances,Amazon Lightsail,Amazon ElastiCache,,['a'],,https://blogs.itemis.com/en/serverless-services-on-aws,,
pe-19,022,Which of the following are components of Amazon VPC? (Choose two.),Objects,Subnets,Buckets,Internet gateways,Access key,"['b', 'd']",,https://subscription.packtpub.com/book/virtualization_and_cloud/9781788293723/3/ch03lvl1sec26/vpc-components,,
pe-19,023,AWS Budgets can be used to:,prevent a given user from creating a resource,send an alert when the utilization of Reserved Instances drops below a certain percentage,set resource limits in AWS accounts to prevent overspending,split an AWS bill across multiple forms of payment,,['c'],,https://docs.aws.amazon.com/awsaccountbilling/latest/aboutv2/budgets-managing-costs.html,,
pe-19,024,Which of the following will enhance the security of access to the AWS Management Console? (Choose two.),AWS Secrets Manager,AWS Certificate Manager,AWS Multi-Factor Authentication (AWS MFA),Security groups,Password policies,"['c', 'e']",,https://aws.amazon.com/blogs/security/guidelines-for-protecting-your-aws-account-while-using-programmatic-access/,,
pe-19,025,The AWS Trusted Advisor checks include recommendations regarding which of the following? (Choose two.),Information on Amazon S3 bucket permissions,AWS service outages,Multi-factor authentication enabled on the AWS account root user,Available software patches,Number of users in the account,"['a', 'c']",,https://aws.amazon.com/premiumsupport/technology/trusted-advisor/best-practice-checklist/,,
pe-19,026,Which functions can users perform using AWS KMS?,Create and manage AWS access keys for the AWS account root user,Create and manage AWS access keys for an AWS account IAM user,Create and manage keys for encryption and decryption of data,Create and manage keys for multi-factor authentication,,['c'],,https://docs.aws.amazon.com/kms/latest/developerguide/control-access.html,,
pe-19,027,How does AWS Trusted Advisor provide guidance to users of the AWS Cloud? (Choose two.),It identifies software vulnerabilities in applications running on AWS,It provides a list of cost optimization recommendations based on current AWS usage,It detects potential security vulnerabilities caused by permissions settings on account resources,It automatically corrects potential security issues caused by permissions settings on account resources,It provides proactive alerting whenever an Amazon EC2 instance has been compromised,"['b', 'c']",,,,
pe-19,028,Which of the following are advantages of the AWS Cloud? (Choose two.),AWS manages the maintenance of the cloud infrastructure,AWS manages the security of applications built on AWS,AWS manages capacity planning for physical servers,AWS manages the development of applications on AWS,AWS manages cost planning for virtual servers,"['a', 'c']",,https://aws.amazon.com/compliance/data-center/controls/,,
pe-19,029,A user deploys an Amazon RDS DB instance in multiple Availability Zones. <br/> This strategy involves which pillar of the AWS Well-Architected Framework?,Performance efficiency,Reliability,Cost optimization,Security,,['b'],,https://aws.amazon.com/blogs/apn/the-5-pillars-of-the-aws-well-architected-framework/,,
pe-19,030,Which AWS services provide a user with connectivity between the AWS Cloud and on-premises resources? (Choose two.),AWS VPN,Amazon Connect,Amazon Cognito,AWS Direct Connect,AWS Managed Services,"['a', 'd']",,https://aws.amazon.com/directconnect/,,
pe-19,031,"Which AWS service is used to pay AWS bills, and monitor usage and budget costs?",AWS Billing and Cost Management,Consolidated billing,Amazon CloudWatch,Amazon QuickSight,,['a'],,https://docs.aws.amazon.com/awsaccountbilling/latest/aboutv2/billing-what-is.html,,
pe-19,032,"Which element of the AWS global infrastructure consists of one or more discrete data centers, each with redundant power, networking, and connectivity, which are housed in separate facilities?",AWS Regions,Availability Zones,Edge locations,Amazon CloudFront,,['b'],,https://docs.aws.amazon.com/whitepapers/latest/aws-overview/global-infrastructure.html,,
pe-19,033,Which Amazon VPC feature enables users to capture information about the IP traffic that reaches Amazon EC2 instances?,Security groups,Elastic network interfaces,Network ACLs,VPC Flow Logs,,['d'],- VPC Flow Logs is a feature that enables you to capture information about the IP traffic going to and from network interfaces in your VPC.,,,
pe-19,034,Which AWS service can be used to automatically scale an application up and down without making capacity planning decisions?,Amazon AutoScaling,Amazon Redshift,AWS CloudTrail,AWS Lambda,,['a'],,https://aws.amazon.com/blogs/aws/category/auto-scaling/,,
pe-19,035,AWS Enterprise Support users have access to which service or feature that is not available to users with other AWS Support plans?,AWS Trusted Advisor,AWS Support case,Concierge team,Amazon Connect,,['c'],,https://aws.amazon.com/premiumsupport/plans/,,
pe-19,036,"A company wants to migrate a MySQL database to AWS but does not have the budget for Database Administrators to handle routine tasks including provisioning, patching, and performing backups. <br/> Which AWS service will support this use case?",Amazon RDS,Amazon DynamoDB,Amazon DocumentDB,Amazon ElastiCache,,['a'],"- Amazon RDS makes it easy to set up, operate, and scale a relational database in the cloud.",,,
pe-19,037,A company wants to expand from one AWS Region into a second AWS Region. <br/> What does the company need to do to start supporting the new Region?,Contact an AWS Account Manager to sign a new contract,Move an Availability Zone to the new Region,Begin deploying resources in the second Region,Download the AWS Management Console for the new Region,,['c'],,https://docs.aws.amazon.com/emr/latest/ManagementGuide/emr-plan-region.html,,
pe-19,038,A user must meet compliance and software licensing requirements that state a workload must be hosted on a physical server. <br/> Which Amazon EC2 instance pricing option will meet these requirements?,Dedicated Hosts,Dedicated Instances,Spot Instances,Reserved Instances,,['a'],,https://aws.amazon.com/ec2/dedicated-hosts/,,
pe-19,039,Which AWS service will provide a way to generate encryption keys that can be used to encrypt data? (Choose two.),Amazon Macie,AWS Certificate Manager,AWS Key Management Service (AWS KMS),AWS Secrets Manager,AWS CloudHSM,"['c', 'e']",,https://docs.aws.amazon.com/crypto/latest/userguide/awscryp-service-hsm.html,,
pe-19,040,A company is planning to migrate from on-premises to the AWS Cloud. <br/> Which AWS tool or service provides detailed reports on estimated cost savings after migration?,AWS Total Cost of Ownership (TCO) Calculator,Cost Explorer,AWS Budgets,AWS Migration Hub,,['a'],(26),https://docs.aws.amazon.com/migrationhub/latest/ug/hub-api.pdf,,
pe-19,041,What can assist in evaluating an application for migration to the cloud? (Choose two.),AWS Trusted Advisor,AWS Professional Services,AWS Systems Manager,AWS Partner Network (APN),AWS Secrets Manager,"['b', 'd']",,,,
pe-19,042,Which AWS service helps users meet contractual and regulatory compliance requirements for data security by using dedicated hardware appliances within the AWS Cloud?,AWS Secrets Manager,AWS CloudHSM,AWS Key Management Service (AWS KMS),AWS Directory Service,,['b'],"- The AWS CloudHSM service helps you meet corporate, contractual, and regulatory compliance requirements for data security by using dedicated Hardware Security Module (HSM) instances within the AWS cloud.",,,
pe-19,043,"Under the AWS shared responsibility model, the customer manages which of the following? (Choose two.)",Decommissioning of physical storage devices,Security group and ACL configuration,Patch management of an Amazon RDS instance operating system,Controlling physical access to data centers,Patch management of an Amazon EC2 instance operating system,"['b', 'e']",,https://www.whizlabs.com/blog/aws-security-shared-responsibility/,,
pe-19,044,Which AWS service is suitable for an event-driven workload?,Amazon EC2,AWS Elastic Beanstalk,AWS Lambda,Amazon Lumberyard,,['c'],- An easy-to-use service for deploying and scaling web applications and web services developed in a number of programming languages.,,,
pe-19,045,What is a value proposition of the AWS Cloud?,AWS is responsible for security in the AWS Cloud,No long-term contract is required,Provision new servers in days,AWS manages user applications in the AWS Cloud,,['b'],,https://d1.awsstatic.com/whitepapers/aws-whitepaper-business-value-of-aws.pdf,,
pe-19,046,What is a characteristic of Amazon S3 cross-region replication?,Both source and destination S3 buckets must have versioning disabled,The source and destination S3 buckets cannot be in different AWS Regions,S3 buckets configured for cross-region replication can be owned by a single AWS account or by different accounts,The source S3 bucket owner must have the source and destination AWS Regions disabled for their account,,['c'],,https://docs.aws.amazon.com/AmazonS3/latest/dev/replication.html,,
pe-19,047,What is a user responsible for when running an application in the AWS Cloud?   - A. Managing physical hardware,,Updating the underlying hypervisor,Providing a list of users approved for data center access,Managing application software updates,,['d'],,https://aws.amazon.com/compliance/shared-responsibility-model/,,
pe-19,048,"A company that does business online needs to quickly deliver new functionality in an iterative manner, minimizing the time to market. <br/> Which AWS Cloud feature can provide this?",Elasticity,High availability,Agility,Reliability,,['c'],,https://aws.amazon.com/devops/partner-solutions/,,
pe-19,049,Which features or services can be used to monitor costs and expenses for an AWS account? (Choose two.),AWS Cost and Usage report,AWS product pages,AWS Simple Monthly Calculator,Billing alerts and Amazon CloudWatch alarms,AWS Price List API,"['a', 'd']",,https://docs.aws.amazon.com/AmazonCloudWatch/latest/monitoring/monitor_estimated_charges_with_cloudwatch.html,,
pe-19,050,Amazon Route 53 enables users to:,encrypt data in transit,register DNS domain names,generate and manage SSL certificates,establish a dedicated network connection to AWS,,['b'],,https://docs.aws.amazon.com/Route53/latest/DeveloperGuide/Welcome.html,,
pe-20,001,Which AWS service helps identify malicious or unauthorized activities in AWS accounts and workloads?,Amazon Rekognition,AWS Trusted Advisor,Amazon GuardDuty,Amazon CloudWatch,,['c'],,https://aws.amazon.com/guardduty/,,
pe-20,002,A company wants to try a third-party ecommerce solution before deciding to use it long term. <br/> Which AWS service or tool will support this effort?,AWS Marketplace,AWS Partner Network (APN),AWS Managed Services,AWS Service Catalog,,['a'],,https://aws.amazon.com/about-aws/whats-new/2019/09/aws-marketplace-easier-to-find-solutions-from-aws-console/,,
pe-20,003,Which AWS service is a managed NoSQL database?,Amazon Redshift,Amazon DynamoDB,Amazon Aurora,Amazon RDS for MariaDB,,['b'],,https://aws.amazon.com/dynamodb/,,
pe-20,004,Which AWS service should be used to create a billing alarm?,AWS Trusted Advisor,AWS CloudTrail,Amazon CloudWatch,Amazon QuickSight,,['c'],,https://docs.aws.amazon.com/AmazonCloudWatch/latest/monitoring/monitor_estimated_charges_with_cloudwatch.html,,
pe-20,005,A company is hosting a web application in a Docker container on Amazon EC2. <br/> AWS is responsible for which of the following tasks?,Scaling the web application and services developed with Docker,Provisioning or scheduling containers to run on clusters and maintain their availability,Performing hardware maintenance in the AWS facilities that run the AWS Cloud,"Managing the guest operating system, including updates and security patches",,['c'],,https://aws.amazon.com/getting-started/tutorials/deploy-docker-containers/,,
pe-20,006,Users are reporting latency when connecting to a website with a global customer base. <br/> Which AWS service will improve the customer experience by reducing latency?,Amazon CloudFront,AWS Direct Connect,Amazon EC2 Auto Scaling,AWS Transit Gateway,,['a'],,https://aws.amazon.com/getting-started/tutorials/deliver-content-faster/,,
pe-20,007,Which actions represent best practices for using AWS IAM? (Choose two.),Configure a strong password policy,Share the security credentials among users of AWS accounts who are in the same Region,Use access keys to log in to the AWS Management Console,Rotate access keys on a regular basis,Avoid using IAM roles to delegate permissions,"['a', 'd']",,https://docs.aws.amazon.com/IAM/latest/UserGuide/best-practices.html,,
pe-20,008,Which AWS feature or service can be used to capture information about incoming and outgoing traffic in an AWS VPC infrastructure?,AWS Config,VPC Flow Logs,AWS Trusted Advisor,AWS CloudTrail,,['b'],,https://docs.aws.amazon.com/vpc/latest/userguide/flow-logs.html,,
pe-20,009,"A company wants to use an AWS service to monitor the health of application endpoints, with the ability to route traffic to healthy regional endpoints to improve application availability. <br/> Which service will support these requirements?",Amazon Inspector,Amazon CloudWatch,AWS Global Accelerator,Amazon CloudFront,,['c'],"- AWS Global Accelerator uses the AWS global network to optimize the path from your users to your applications, improving the performance of your traffic by as much as 60%.",,,
pe-20,010,"According to the AWS Well-Architected Framework, what change management steps should be taken to achieve reliability in the AWS Cloud? (Choose two.)",Use AWS Config to generate an inventory of AWS resources,Use service limits to prevent users from creating or making changes to AWS resources,Use AWS CloudTrail to record AWS API calls into an auditable log file,Use AWS Certificate Manager to whitelist approved AWS resources and services,Use Amazon GuardDuty to validate configuration changes made to AWS resources,"['a', 'c']",,,,
pe-20,011,Which service can be used to monitor and receive alerts for AWS account root user AWS Management Console sign-in events?,Amazon CloudWatch,AWS Config,AWS Trusted Advisor,AWS IAM,,['a'],,https://aws.amazon.com/blogs/mt/monitor-and-notify-on-aws-account-root-user-activity/,,
pe-20,012,Which design principle should be considered when architecting in the AWS Cloud?,Think of servers as non-disposable resources,Use synchronous integration of services,Design loosely coupled components,Implement the least permissive rules for security groups,,['c'],,https://www.botmetric.com/blog/aws-cloud-architecture-design-principles/,,
pe-20,013,Which AWS services can be used to move data from on-premises data centers to AWS? (Choose two.),AWS Snowball,AWS Lambda,AWS ElastiCache,AWS Database Migration Service (AWS DMS),Amazon API Gateway,"['a', 'd']",,https://aws.amazon.com/snowball/,,
pe-20,014,A batch workload takes 5 hours to finish on an Amazon EC2 instance. The amount of data to be processed doubles monthly and the processing time is proportional. <br/> What is the best cloud architecture to address this consistently growing demand?,Run the application on a bigger EC2 instance size.,Switch to an EC2 instance family that better matches batch requirements.,Distribute the application across multiple EC2 instances and run the workload in parallel.,Run the application on a bare metal EC2 instance.,,['c'],,,,
pe-20,015,Each department within a company has its own independent AWS account and its own payment method. New company leadership wants to centralize departmental governance and consolidate payments. <br/> How can this be achieved using AWS services or features?,Forward monthly invoices for each account. Then create IAM roles to allow cross-account access.,Create a new AWS account. Then configure AWS Organizations and invite all existing accounts to join.,Configure AWS Organizations in each of the existing accounts. Then link all accounts together.,Use Cost Explorer to combine costs from all accounts. Then replicate IAM policies across accounts.,,['b'],,https://docs.aws.amazon.com/organizations/latest/userguide/orgs_manage_accounts.html,,
pe-20,016,The ability to horizontally scale Amazon EC2 instances based on demand is an example of which concept in the AWS Cloud value proposition?,Economy of scale,Elasticity,High availability,Agility,,['b'],,,,
pe-20,017,An ecommerce company anticipates a huge increase in web traffic for two very popular upcoming shopping holidays. <br/> Which AWS service or feature can be configured to dynamically adjust resources to meet this change in demand?,AWS CloudTrail,Amazon EC2 Auto Scaling,Amazon Forecast,AWS Config,,['b'],,https://aws.amazon.com/autoscaling/,,
pe-20,018,Which AWS service enables users to securely connect to AWS resources over the public internet?,Amazon VPC peering,AWS Direct Connect,AWS VPN,Amazon Pinpoint,,['c'],,https://d1.awsstatic.com/whitepapers/aws-security-whitepaper.pdf,,
pe-20,019,Which tool is used to forecast AWS spending?,AWS Trusted Advisor,AWS Organizations,Cost Explorer,Amazon Inspector,,['c'],,https://docs.aws.amazon.com/awsaccountbilling/latest/aboutv2/ce-forecast.html,,
pe-20,020,"A company is running an ecommerce application hosted in Europe. To decrease latency for users who access the website from other parts of the world, the company would like to cache frequently accessed static content closer to the users. <br/> Which AWS service will support these requirements?",Amazon ElastiCache,Amazon CloudFront,Amazon Elastic File System (Amazon EFS),Amazon Elastic Block Store (Amazon EBS),,['b'],- Amazon CloudFront employs a global network of edge locations and regional edge caches that cache copies of your content close to your viewers.,,,
pe-20,021,Which of the following is a component of the AWS Global Infrastructure?,Amazon Alexa,AWS Regions,Amazon Lightsail,AWS Organizations,,['b'],,https://aws.amazon.com/about-aws/global-infrastructure/,,
pe-20,022,Which AWS service will help users determine if an application running on an Amazon EC2 instance has sufficient CPU capacity?,Amazon CloudWatch,AWS Config,AWS CloudTrail,Amazon Inspector,,['a'],,https://aws.amazon.com/ec2/faqs/,,
pe-20,023,Why is it beneficial to use Elastic Load Balancers with applications?,They allow for the conversion from Application Load Balancers to Classic Load Balancers.,They are capable of handling constant changes in network traffic patterns.,They automatically adjust capacity.,They are provided at no charge to users.,,['b'],,https://docs.aws.amazon.com/elasticloadbalancing/latest/userguide/what-is-load-balancing.html,,
pe-20,024,Which tasks are the customer's responsibility in the AWS shared responsibility model? (Choose two.),Infrastructure facilities access management,Cloud infrastructure hardware lifecycle management,Configuration management of user's applications,Networking infrastructure protection,Security groups configuration,"['c', 'e']",,https://cloudacademy.com/blog/aws-shared-responsibility-model-security/,,
pe-20,025,"IT systems should be designed to reduce interdependencies, so that a change or failure in one component does not cascade to other components. <br/> This is an example of which principle of cloud architecture design?",Scalability,Loose coupling,Automation,Automatic scaling,,['b'],,https://d1.awsstatic.com/whitepapers/AWS_Cloud_Best_Practices.pdf,,
pe-20,026,Which AWS service or feature can enhance network security by blocking requests from a particular network for a web application on AWS? (Choose two.),AWS WAF,AWS Trusted Advisor,AWS Direct Connect,AWS Organizations,Network ACLs,"['a', 'e']",,https://aws.amazon.com/waf/,,
pe-20,027,An application runs on multiple Amazon EC2 instances that access a shared file system simultaneously. <br/> Which AWS storage service should be used?,Amazon EBS,Amazon EFS,Amazon S3,AWS Artifact,,['b'],,https://aws.amazon.com/efs/,,
pe-20,028,"A web application is hosted on AWS using an Elastic Load Balancer, multiple Amazon EC2 instances, and Amazon RDS. <br/> Which security measures fall under the responsibility of AWS? (Choose two.)",Running a virus scan on EC2 instances,Protecting against IP spoofing and packet sniffing,Installing the latest security patches on the RDS instance,Encrypting communication between the EC2 instances and the Elastic Load Balancer,Configuring a security group and a network access control list (NACL) for EC2,"['b', 'c']",,,,
pe-20,029,What is the benefit of elasticity in the AWS Cloud?,Ensure web traffic is automatically spread across multiple AWS Regions.,Minimize storage costs by automatically archiving log data.,Enable AWS to automatically select the most cost-effective services.,Automatically adjust the required compute capacity to maintain consistent performance.,,['d'],,https://aimconsulting.com/insights/blog/the-elastic-cloud-opportunity/,,
pe-20,030,The continual reduction of AWS Cloud pricing is due to:,pay-as-you go pricing,the AWS global infrastructure,economies of scale,reserved storage pricing,,['c'],,,,
pe-20,031,A company needs an Amazon S3 bucket that cannot have any public objects due to compliance requirements. <br/> How can this be accomplished?,Enable S3 Block Public Access from the AWS Management Console.,Hold a team meeting to discuss the importance if only uploading private S3 objects.,Require all S3 objects to be manually approved before uploading.,Create a service to monitor all S3 uploads and remove any public uploads.,,['a'],,https://docs.aws.amazon.com/AmazonS3/latest/dev/access-control-block-public-access.html,,
pe-20,032,A Cloud Practitioner identifies a billing issue after examining the AWS Cost and Usage report in the AWS Management Console. <br/> Which action can be taken to resolve this?,Open a detailed case related to billing and submit it to AWS Support for help.,Upload data describing the issue to a new object in a private Amazon S3 bucket.,Create a pricing application and deploy it to a right-sized Amazon EC2 instance for more information.,Proceed with creating a new dashboard in Amazon QuickSight.,,['a'],< https://docs.aws.amazon.com/awssupport/latest/user/case-management.html>,,,
pe-20,033,What does the AWS Simple Monthly Calculator do?,Compares on-premises costs to colocation environments,Estimates monthly billing based on projected usage,Estimates power consumption at existing data centers,Estimates CPU utilization,,['b'],,https://aws.amazon.com/blogs/aws/estimate-your-c/,,
pe-20,034,Who is responsible for patching the guest operating system for Amazon RDS?,The AWS Product team,The customer Database Administrator,Managed partners,AWS Support,,['b'],,https://aws.amazon.com/compliance/shared-responsibility-model/,,
pe-20,035,Which AWS services may be scaled using AWS Auto Scaling? (Choose two.),Amazon EC2,Amazon DynamoDB,Amazon S3,Amazon Route 53,Amazon Redshift,"['a', 'b']",,https://aws.amazon.com/autoscaling/faqs/,,
pe-20,036,Which of the following are benefits of AWS Global Accelerator? (Choose two.),Reduced cost to run services on AWS,Improved availability of applications deployed on AWS,Higher durability of data stored on AWS,Decreased latency to reach applications deployed on AWS,Higher security of data stored on AWS,"['b', 'd']",,https://aws.amazon.com/global-accelerator/faqs/,,
pe-20,037,A user who wants to get help with billing and reactivate a suspended account should submit an account and billing request to:,the AWS Support forum,AWS Abuse,an AWS Solutions Architect,AWS Support,,['d'],,https://aws.amazon.com/premiumsupport/knowledge-center/reactivate-suspended-account/,,
pe-20,038,Which AWS Cloud best practice uses the elasticity and agility of cloud computing?,Provision capacity based on past usage and theoretical peaks,Dynamically and predictively scale to meet usage demands,Build the application and infrastructure in a data center that grants physical access,Break apart the application into loosely coupled components,,['b'],"- In a traditional computing environment, you provision capacity based on an estimate of a theoretical maximum peak.",,,
pe-20,039,Which method helps to optimize costs of users moving to the AWS Cloud?,Paying only for what is used,Purchasing hardware before it is needed,Manually provisioning cloud resources,Purchasing for the maximum possible load,,['a'],,https://www.cloudmanagementinsider.com/ways-to-optimize-aws-cost/,,
pe-20,040,"Under the AWS shared responsibility model, which of the following is a customer responsibility?",Installing security patches for the Xen and KVM hypervisors,Installing operating system patches for Amazon DynamoDB,Installing operating system security patches for Amazon EC2 database instances,Installing operating system security patches for Amazon RDS database instances,,['c'],,https://aws.amazon.com/compliance/shared-responsibility-model/,,
pe-20,041,The AWS Cost Management tools give users the ability to do which of the following? (Choose two.),Terminate all AWS resources automatically if budget thresholds are exceeded.,"Break down AWS costs by day, service, and linked AWS account.",Create budgets and receive notifications if current of forecasted usage exceeds the budgets.,"Switch automatically to Reserved Instances or Spot Instances, whichever is most cost-effective.",Move data stored in Amazon S3 to a more cost-effective storage class.,"['b', 'c']",,,,
pe-20,042,"Under the AWS shared responsibility model, the security and patching of the guest operating system is the responsibility of:",AWS Support,the customer,AWS Systems Manager,AWS Config,,['b'],,https://aws.amazon.com/compliance/shared-responsibility-model/,,
pe-20,043,"Which AWS service makes it easy to create and manage AWS users and groups, and provide them with secure access to AWS resources at no charge?",AWS Direct Connect,Amazon Connect,AWS Identity and Access Management (IAM),AWS Firewall Manager,,['c'],,https://docs.aws.amazon.com/IAM/latest/UserGuide/console_controlling-access.html,,
pe-20,044,Which AWS service provides on-demand of AWS security and compliance documentation?,AWS Directory Service,AWS Artifact,AWS Trusted Advisor,Amazon Inspector,,['b'],.,"https://aws.amazon.com/artifact/#:~:text=AWS%20Artifact%20is%20your%20go,reports%20and%20select%20online%20agreements",,
pe-20,045,Which AWS service can be used to turn text into life-like speech?,Amazon Polly,Amazon Transcribe,Amazon Rekognition,Amazon Lex,,['a'],.,"https://aws.amazon.com/polly/#:~:text=Amazon%20Polly%20is%20a%20service,synthesize%20natural%20sounding%20human%20speech",,
pe-20,046,What is one of the core principles to follow when designing a highly available application in the AWS Cloud?,Design using a serverless architecture,Assume that all components within an application can fail,Design AWS Auto Scaling into every application,Design all components using open-source code,,['b'],,,,
pe-20,047,"A user needs to generate a report that outlines the status of key security checks in an AWS account. The report must include: <br/> (The status of Amazon S3 bucket permissions, Whether multi-factor authentication is enabled for the AWS account root user, If any security groups are configured to allow unrestricted access.) <br/> Where can all this information be found in one location?",Amazon QuickSight dashboard,AWS CloudTrail trails,AWS Trusted Advisor report,IAM credential report,,['c'],#Security,https://aws.amazon.com/premiumsupport/technology/trusted-advisor/best-practice-checklist/,,
pe-20,048,Which Amazon EC2 pricing model should be used to comply with per-core software license requirements?,Dedicated Hosts,On-Demand Instances,Spot Instances,Reserved Instances,,['a'],,https://aws.amazon.com/ec2/dedicated-hosts/pricing/,,
pe-20,049,Which of the AWS global infrastructure is used to cache copies of content for faster delivery to users across the globe?,AWS Regions,Availability Zones,Edge locations,Data centers,,['c'],"- When your web traffic is geo-dispersed, it's not always feasible and certainly not cost effective to replicate your entire infrastructure across the globe.",,,
pe-20,050,"Using AWS Config to record, audit, and evaluate changes to AWS resources to enable traceability is an example of which AWS Well-Architected Framework pillar?",Security,Operational excellence,Performance efficiency,Cost optimization,,['a'],,https://d1.awsstatic.com/whitepapers/architecture/AWS_Well-Architected_Framework.pdf,,
pe-21,001,A user needs to quickly deploy a non-relational database on AWS. The user does not want to manage the underlying hardware or the database software. <br/> Which AWS service can be used to accomplish this?,Amazon RDS,Amazon DynamoDB,Amazon Aurora,Amazon Redshift,,['b'],,https://docs.aws.amazon.com/amazondynamodb/latest/developerguide/SQLtoNoSQL.html,,
pe-21,002,A Cloud Practitioner is developing a disaster recovery plan and intends to replicate data between multiple geographic areas.<br/> Which of the following meets these requirements?,AWS Accounts,AWS Regions,Availability Zones,Edge locations,,['b'],,https://www.botmetric.com/blog/having-a-disaster-recovery-plan-is-pivotal-the-dos-and-donts-on-aws-cloud/,,
pe-21,003,Which features and benefits does the AWS Organizations service provide? (Choose two.),Establishing real-time communications between members of an internal team,Facilitating the use of NoSQL databases,Providing automated security checks,Implementing consolidated billing,Enforcing the governance of AWS accounts,"['d', 'e']",,https://aws.amazon.com/organizations/,,
pe-21,004,Which AWS service is used to automate configuration management using Chef and Puppet?,AWS Config,AWS OpsWorks,AWS CloudFormation,AWS Systems Manager,,['b'],,https://aws.amazon.com/opsworks/,,
pe-21,005,Which tool is best suited for combining the billing of AWS accounts that were previously independent from one another?,Detailed billing report,Consolidated billing,AWS Cost and Usage report,Cost allocation report,,['b'],,https://docs.aws.amazon.com/awsaccountbilling/latest/aboutv2/consolidated-billing.html,,
pe-21,006,The AWS Total Cost of Ownership (TCO) Calculator is used to:,"receive reports that break down AWS Cloud compute costs by duration, resource, or tags",estimate savings when comparing the AWS Cloud to an on-premises environment,estimate a monthly bill for the AWS Cloud resources that will be used,enable billing alerts to monitor actual AWS costs compared to estimated costs,,['b'],,https://aws.amazon.com/tco-calculator/,,
pe-21,007,Which AWS services can be used to provide network connectivity between an on-premises network and a VPC? (Choose two.),Amazon Route 53,AWS Direct Connect,AWS Data Pipeline,AWS VPN,Amazon Connect,"['b', 'd']",,https://aws.amazon.com/directconnect/faqs/,,
pe-21,008,"Under the AWS shared responsibility model, which of the following are customer responsibilities? (Choose two.)",Setting up server-side encryption on an Amazon S3 bucket,Amazon RDS instance patching,Network and firewall configurations,Physical security of data center facilities,Compute capacity availability,"['a', 'c']",,https://aws.amazon.com/compliance/shared-responsibility-model/,,
pe-21,009,What is the MINIMUM AWS Support plan level that will provide users with access to the AWS Support API?,Developer,Enterprise,Business,Basic,,['c'],,https://aws.amazon.com/premiumsupport/plans/,,
pe-21,010,"A company has deployed several relational databases on Amazon EC2 instances. Every month, the database software vendor releases new security patches that need to be applied to the databases. <br/> What is the MOST efficient way to apply the security patches?","Connect to each database instance on a monthly basis, and download and apply the necessary security patches from the vendor.",Enable automatic patching for the instances using the Amazon RDS console.,"In AWS Config, configure a rule for the instances and the required patch level.",Use AWS Systems Manager to automate database patching according to a schedule.,,['d'],,https://aws.amazon.com/rds/faqs/,,
pe-21,011,"A company wants to use Amazon Elastic Compute Cloud (Amazon EC2) to deploy a global commercial application. The deployment solution should be built with the highest redundancy and fault tolerance. <br/> Based on this situation, the Amazon EC2 instances should be deployed:",in a single Availability Zone in one AWS Region,with multiple Elastic Network Interfaces belonging to different subnets,across multiple Availability Zones in one AWS Region,across multiple Availability Zones in two AWS Regions,,['c'],,https://jayendrapatil.com/aws-high-availability-fault-tolerance-architecture-certification/,,
pe-21,012,"A company has an application with users in both Australia and Brazil. All the company infrastructure is currently provisioned in the Asia Pacific (Sydney) Region in Australia, and Brazilian users are experiencing high latency. <br/> What should the company do to reduce latency?",Implement AWS Direct Connect for users in Brazil,Provision resources in the South America (São Paulo) Region in Brazil.,Use AWS Transit Gateway to quickly route users from Brazil to the application,Launch additional Amazon EC2 instances in Sydney to handle the demand,,['b'],,https://aws.amazon.com/transit-gateway/,,
pe-21,013,An Amazon EC2 instance runs only when needed yet must remain active for the duration of the process. <br/> What is the most appropriate purchasing option?,Dedicated Instances,Spot Instances,On-Demand Instances,Reserved Instances,,['c'],,,,
pe-21,014,"Which AWS dashboard displays relevant and timely information to help users manage events in progress, and provides proactive notifications to help plan for scheduled activities?",AWS Service Health Dashboard,AWS Personal Health Dashboard,AWS Trusted Advisor dashboard,Amazon CloudWatch dashboard,,['b'],,https://aws.amazon.com/premiumsupport/technology/personal-health-dashboard/,,
pe-21,015,Which AWS hybrid storage service enables a user's on-premises applications to seamlessly use AWS Cloud storage?,AWS Backup,Amazon Connect,AWS Direct Connect,AWS Storage Gateway,,['d'],,https://aws.amazon.com/storagegateway/?whats-new-cards.sort-by=item.additionalFields.postDateTime&whats-new-cards.sort-order=desc,,
pe-21,016,Which of the following acts as a virtual firewall at the Amazon EC2 instance level to control traffic for one or more instances?,Access keys,Virtual private gateways,Security groups,Access Control Lists (ACL),,['c'],,https://docs.aws.amazon.com/AWSEC2/latest/UserGuide/ec2-security-groups.html,,
pe-21,017,What is the most efficient way to establish network connectivity from on-premises to multiple VPCs in different AWS Regions?,Use AWS Direct Connect,Use AWS VPN,Use AWS Client VPN,Use an AWS Transit Gateway,,['d'],,https://d1.awsstatic.com/whitepapers/building-a-scalable-and-secure-multi-vpc-aws-network-infrastructure.pdf,,
pe-21,018,"Which AWS Support plan provides access to architectural and operational reviews, as well as 24/7 access to Senior Cloud Support Engineers through email, online chat, and phone?",Basic,Business,Developer,Enterprise,,['d'],,https://aws.amazon.com/premiumsupport/plans/enterprise/,,
pe-21,019,"Which AWS service or feature helps restrict the AWS services, resources, and individual API actions the users and roles in each member account can access?",Amazon Cognito,AWS Organizations,AWS Shield,AWS Firewall Manager,,['b'],,https://docs.aws.amazon.com/organizations/latest/userguide/orgs_introduction.html,,
pe-21,020,What is the best resource for a user to find compliance-related information and reports about AWS?,AWS Artifact,AWS Marketplace,Amazon Inspector,AWS Support,,['a'],,https://aws.amazon.com/compliance/faq/,,
pe-21,021,"Which Amazon S3 storage class is optimized to provide access to data with lower resiliency requirements, but rapid access when needed such as duplicate backups?",Amazon S3 Standard,Amazon S3 Glacier Deep Archive,Amazon S3 One Zone-Infrequent Access,Amazon S3 Glacier,,['c'],,https://aws.amazon.com/s3/storage-classes/,,
pe-21,022,What is an Availability Zone in AWS?,One or more physical data centers,A completely isolated geographic location,One or more edge locations based around the world,A data center location with a single source of power and networking,,['a'],,https://aws.amazon.com/about-aws/global-infrastructure/regions_az/,,
pe-21,023,Which AWS services can be used as infrastructure automation tools? (Choose two.),AWS CloudFormation,Amazon CloudFront,AWS Batch,AWS OpsWorks,Amazon QuickSight,"['a', 'd']",,https://blog.newrelic.com/engineering/best-cloud-infrastructure-automation-tools/,,
pe-21,024,Which AWS service enables users to create copies of resources across AWS Regions?,Amazon ElastiCache,AWS CloudFormation,AWS CloudTrail,AWS Systems Manager,,['b'],,https://docs.aws.amazon.com/awscloudtrail/latest/userguide/cloudtrail-concepts.html,,
pe-21,025,"A user would like to encrypt data that is received, stored, and managed by AWS CloudTrail. <br/> Which AWS service will provide this capability?",AWS Secrets Manager,AWS Systems Manager,AWS Key Management Service (AWS KMS),AWS Certificate Manager,,['c'],,https://docs.aws.amazon.com/awscloudtrail/latest/userguide/data-protection.html,,
pe-21,026,Which AWS Cloud benefit eliminates the need for users to try estimating future infrastructure usage?,Easy and fast deployment of applications in multiple Regions around the world,Security of the AWS Cloud,Elasticity of the AWS Cloud,Lower variable costs due to massive economies of scale,,['c'],,,,
pe-21,027,What credential components are required to gain programmatic access to an AWS account? (Choose two.),An access key ID,A primary key,A secret access key,A user ID,A secondary key,"['a', 'c']",,https://docs.aws.amazon.com/general/latest/gr/aws-sec-cred-types.html,,
pe-21,028,Which of the following are AWS compute services? (Select two.),Amazon Lightsail,AWS Systems Manager,AWS CloudFormation,AWS Batch,Amazon Inspector,"['a', 'd']",,https://docs.aws.amazon.com/whitepapers/latest/aws-overview/compute-services.html,,
pe-21,029,"How can a company separate costs for network traffic, Amazon EC2, Amazon S3, and other AWS services by department?",Add department-specific tags to each resource,Create a separate VPC for each department,Create a separate AWS account for each department,Use AWS Organizations,,['c'],,,,
pe-21,030,What is a benefit of consolidated billing for AWS accounts?,Access to AWS Personal Health Dashboard,Combined usage volume discounts,Improved account security,Centralized AWS IAM,,['b'],,https://jayendrapatil.com/aws-consolidated-billing/,,
pe-21,031,"Which AWS service will allow a user to set custom cost and usage limits, and will alert when the thresholds are exceeded?",AWS Organizations,AWS Budgets,Cost Explorer,AWS Trusted Advisor,,['b'],,https://aws.amazon.com/getting-started/hands-on/control-your-costs-free-tier-budgets/,,
pe-21,032,Which AWS service provides the ability to detect inadvertent data leaks of personally identifiable information (PII) and user credential data?,Amazon GuardDuty,Amazon Inspector,Amazon Macie,AWS Shield,,['c'],,https://aws.amazon.com/macie/,,
pe-21,033,Which tool can be used to monitor AWS service limits?,AWS Total Cost of Ownership (TCO) Calculator,AWS Trusted Advisor,AWS Personal Health Dashboard,AWS Cost and Usage report,,['b'],,https://aws.amazon.com/blogs/mt/monitoring-service-limits-with-trusted-advisor-and-amazon-cloudwatch/,,
pe-21,034,A company has distributed its workload on both the AWS Cloud and some on-premises servers. <br/> What type of architecture is this?,Virtual private network,Virtual private cloud,Hybrid cloud,Private cloud,,['c'],,https://aws.amazon.com/hybrid/,,
pe-21,035,Which of the following describes a security best practice that can be implemented using AWS IAM?,Disable AWS Management Console access for all users,Generate secret keys for every IAM user,Grant permissions to users who are required to perform a given task only,Store AWS credentials within Amazon EC2 instances,,['c'],,https://cloudcheckr.com/cloud-security/top-5-iam-best-practices/,,
pe-21,036,"What can be used to automate and manage secure, well-architected, multi-account AWS environments?",AWS shared responsibility model,AWS Control Tower,AWS Security Hub,AWS Well-Architected Tool,,['b'],"- Control Tower automates the process of setting up a new baseline multi-account AWS environment that is secure, well-architected, and ready to use.",,,
pe-21,037,Which AWS service or feature allows a user to easily scale connectivity among thousands of VPCs?,VPC peering,AWS Transit Gateway,AWS Direct Connect,AWS Global Accelerator,,['b'],,https://aws.amazon.com/blogs/training-and-certification/explore-the-aws-transit-gateway-networking-and-scaling-digital-course/,,
pe-21,038,A company needs protection from expanded distributed denial of service (DDoS) attacks on its website and assistance from AWS experts during such events. <br/> Which AWS managed service will meet these requirements?,AWS Shield Advanced,AWS Firewall Manager,AWS WAF,Amazon GuardDuty,,['a'],,https://docs.aws.amazon.com/waf/latest/developerguide/ddos-overview.html,,
pe-21,039,A company's application has flexible start and end times. <br/> Which Amazon EC2 pricing model will be the MOST cost-effective?,On-Demand Instances,Spot Instances,Reserved Instances,Dedicated Hosts,,['b'],,https://aws.amazon.com/ec2/pricing/,,
pe-21,040,"Under the AWS shared responsibility model, what are the customer's responsibilities? (Choose two.)",Physical and environmental security,Physical network devices including firewalls,Storage device decommissioning,Security of data in transit,Data integrity authentication,"['d', 'e']",,,,
pe-21,041,"A cloud practitioner has a data analysis workload that is infrequently executed and can be interrupted without harm. To optimize for cost, which Amazon EC2 purchasing option should be used?",On-Demand Instances,Reserved Instances,Spot Instances,Dedicated Hosts,,['c'],,https://aws.amazon.com/ec2/pricing/,,
pe-21,042,"Which AWS container service will help a user install, operate, and scale the cluster management infrastructure?",Amazon Elastic Container Registry (Amazon ECR),AWS Elastic Beanstalk,Amazon Elastic Container Service (Amazon ECS),Amazon Elastic Block Store (Amazon EBS),,['c'],,,,
pe-21,043,Which of the following allows an application running on an Amazon EC2 instance to securely write data to an Amazon S3 bucket without using long term credentials?,Amazon Cognito,AWS Shield,AWS IAM role,AWS IAM user access key,,['c'],,,,
pe-21,044,A company with a Developer-level AWS Support plan provisioned an Amazon RDS database and cannot connect to it. <br/> Who should the developer contact for this level of support?,AWS Support using a support case,AWS Professional Services,AWS technical account manager,AWS consulting partners,,['a'],,,,
pe-21,045,What is the purpose of having an internet gateway within a VPC?,To create a VPN connection to the VPC,To allow communication between the VPC and the Internet,To impose bandwidth constraints on internet traffic,To load balance traffic from the Internet across Amazon EC2 instances,,['b'],,,,
pe-21,046,A company must ensure that its endpoint for a database instance remains the same after a single Availability Zone service interruption. The application needs to resume database operations without the need for manual administrative intervention. <br/> How can these requirements be met?,Use multiple Amazon Route 53 routes to the standby database instance endpoint hosted on AWS Storage Gateway.,Configure Amazon RDS Multi-Availability Zone deployments with automatic failover to the standby.,Add multiple Application Load Balancers and deploy the database instance with AWS Elastic Beanstalk.,Deploy a single Network Load Balancer to distribute incoming traffic across multiple Amazon CloudFront origins.,,['b'],,,,
pe-21,047,Which AWS managed service can be used to distribute traffic between one or more Amazon EC2 instances?,NAT gateway,Elastic Load Balancing,Amazon Athena,AWS PrivateLink,,['b'],,,,
pe-21,048,AWS Trusted Advisor provides recommendations on which of the following? (Choose two.),Cost optimization,Auditing,Serverless architecture,Performance,Scalability,"['a', 'd']",,,,
pe-21,049,Which of the following tasks can only be performed after signing in with AWS account root user credentials? (Choose two.),Closing an AWS account,Creating a new IAM policy,Changing AWS Support plans,Attaching a role to an Amazon EC2 instance,Generating access keys for IAM users,"['a', 'c']",,,,
pe-21,050,Fault tolerance refers to:,the ability of an application to accommodate growth without changing design,how well and how quickly an application's environment can have lost data restored,how secure your application is,the built-in redundancy of an application's components,,['d'],,,,
pe-22,001,"A company operating in the AWS Cloud requires separate invoices for specific environments, such as development, testing, and production. <br/> How can this be achieved?",Use multiple AWS accounts,Use resource tagging,Use multiple VPCs,Use Cost Explorer,,['a'],,,,
pe-22,002,Which AWS service can be used in the application deployment process?,AWS AppSync,AWS Batch,AWS CodePipeline,AWS DataSync,,['c'],,,,
pe-22,003,What can be used to reduce the cost of running Amazon EC2 instances? (Choose two.),Spot Instances for stateless and flexible workloads,Memory optimized instances for high-compute workloads,On-Demand Instances for high-cost and sustained workloads,Reserved Instances for sustained workloads,Spend limits set using AWS Budgets,"['a', 'd']",,,,
pe-22,004,A company is launching an e-commerce site that will store and process credit card data. The company requires information about AWS compliance reports and AWS agreements. <br/> Which AWS service provides on-demand access to these items?,AWS Certificate Manager,AWS Config,AWS Artifact,AWS CloudTrail,,['c'],,,,
pe-22,005,Which AWS service or feature allows the user to manage cross-region application traffic?,Amazon AppStream 2.0,Amazon VPC,Elastic Load Balancer,Amazon Route 53,,['d'],,,,
pe-22,006,Which AWS service can be used to track unauthorized API calls?,AWS Config,AWS CloudTrail,AWS Trusted Advisor,Amazon Inspector,,['b'],,,,
pe-22,007,"A user needs to regularly audit and evaluate the setup of all AWS resources, identify non-compliant accounts, and be notified when a resource changes. <br/> Which AWS service can be used to meet these requirements?",AWS Trusted Advisor,AWS Config,AWS Resource Access Manager,AWS Systems Manager,,['b'],,,,
pe-22,008,A user is planning to launch two additional Amazon EC2 instances to increase availability. <br/> Which action should the user take?,Launch the instances across multiple Availability Zones in a single AWS Region.,Launch the instances as EC2 Reserved Instances in the same AWS Region and the same Availability Zone.,"Launch the instances in multiple AWS Regions, but in the same Availability Zone.","Launch the instances as EC2 Spot Instances in the same AWS Region, but in different Availability Zones.",,['a'],,,,
pe-22,009,A company must store critical business data in Amazon S3 with a backup to another AWS Region. <br/> How can this be achieved?,Use an Amazon CloudFront Content Delivery Network (CDN) to cache data globally,Set up Amazon S3 cross-region replication to another AWS Region,Configure the AWS Backup service to back up to the data to another AWS Region,Take Amazon S3 bucket snapshots and copy that data to another AWS Region,,['b'],,,,
pe-22,010,Which AWS Cloud service can send alerts to customers if custom spending thresholds are exceeded?,AWS Budgets,AWS Cost Explorer,AWS Cost Allocation Tags,AWS Organizations,,['a'],,,,
pe-22,011,What is the recommended method to request penetration testing on AWS resources?,Open a support case,Fill out the Penetration Testing Request Form,Request a penetration test from your technical account manager,Contact your AWS sales representative,,['b'],,,,
pe-22,012,"A user needs to automatically discover, classify, and protect sensitive data stored in Amazon S3. <br/> Which AWS service can meet these requirements?",Amazon Inspector,Amazon Macie,Amazon GuardDuty,AWS Secrets Manager,,['b'],,,,
pe-22,013,Which components are required to build a successful site-to-site VPN connection on AWS? (Choose two.),Internet gateway,NAT gateway,Customer gateway,Transit gateway,Virtual private gateway,"['c', 'e']",,,,
pe-22,014,"Which Amazon EC2 pricing option is best suited for applications with short-term, spiky, or unpredictable workloads that cannot be interrupted?",Spot Instances,Dedicated Hosts,On-Demand Instances,Reserved Instances,,['c'],,,,
pe-22,015,Which AWS cloud architecture principle states that systems should reduce interdependencies?,Scalability,"Services, not servers",Removing single points of failure,Loose coupling,,['d'],,,,
pe-22,016,What is the MOST effective resource for staying up to date on AWS security announcements?,AWS Personal Health Dashboard,AWS Secrets Manager,AWS Security Bulletins,Amazon Inspector,,['c'],,,,
pe-22,017,Which AWS service offers persistent storage for a file system?,Amazon S3,Amazon EC2 instance store,Amazon Elastic Block Store (Amazon EBS),Amazon ElastiCache,,['c'],,,,
pe-22,018,Which of the following allows AWS users to manage cost allocations for billing?,Tagging resources,Limiting who can create resources,Adding a secondary payment method,Running all operations on a single AWS account,,['a'],,,,
pe-22,019,Which AWS service allows users to download security and compliance reports about the AWS infrastructure on demand?,Amazon GuardDuty,AWS Security Hub,AWS Artifact,AWS Shield,,['c'],,,,
pe-22,020,Which of the following AWS services are serverless? (Choose two.),AWS Lambda,Amazon Elasticsearch Service,AWS Elastic Beanstalk,Amazon DynamoDB,Amazon Redshift,"['a', 'd']",,,,
pe-22,021,Which AWS managed services can be used to extend an on-premises data center to the AWS network? (Choose two.),AWS VPN,NAT gateway,AWS Direct Connect,Amazon Connect,Amazon Route 53,"['a', 'c']",,,,
pe-22,022,Which requirement must be met for a member account to be unlinked from an AWS Organizations account?,The linked account must be actively compliant with AWS System and Organization Controls (SOC).,The payer and the linked account must both create AWS Support cases to request that the member account be unlinked from the organization.,The member account must meet the requirements of a standalone account.,The payer account must be used to remove the linked account from the organization.,,['c'],,,,
pe-22,023,What AWS benefit refers to a customer's ability to deploy applications that scale up and down the meet variable demand?,Elasticity,Agility,Security,Scalability,,['d'],,,,
pe-22,024,"During a compliance review, one of the auditors requires a copy of the AWS SOC 2 report. <br/> Which service should be used to submit this request?",AWS Personal Health Dashboard,AWS Trusted Advisor,AWS Artifact,Amazon S3,,['c'],,,,
pe-22,025,A company wants to set up a highly available workload in AWS with a disaster recovery plan that will allow the company to recover in case of a regional service interruption. <br/> Which configuration will meet these requirements?,"Run on two Availability Zones in one AWS Region, using the additional Availability Zones in the AWS Region for the disaster recovery site.","Run on two Availability Zones in one AWS Region, using another AWS Region for the disaster recovery site.","Run on two Availability Zones in one AWS Region, using a local AWS Region for the disaster recovery site.","Run across two AWS Regions, using a third AWS Region for the disaster recovery site.",,"['b', 'd']",,https://aws.amazon.com/blogs/startups/large-scale-disaster-recovery-using-aws-regions/,,
pe-22,026,A company has a 500 TB image repository that needs to be transported to AWS for processing. <br/> Which AWS service can import this data MOST cost-effectively?,AWS Snowball,AWS Direct Connect,AWS VPN,Amazon S3,,['a'],,https://aws.amazon.com/blogs/storage/migrating-hundreds-of-tb-of-data-to-amazon-s3-with-aws-datasync/,,
pe-22,027,Which AWS service can run a managed PostgreSQL database that provides online transaction processing (OLTP)?,Amazon DynamoDB,Amazon Athena,Amazon RDS,Amazon EMR,,['c'],,https://aws.amazon.com/rds/postgresql/,,
pe-22,028,Which of the following assist in identifying costs by department? (Choose two.),Using tags on resources,Using multiple AWS accounts,Using an account manager,Using AWS Trusted Advisor,Using Consolidated Billing,"['a', 'b']",,,,
pe-22,029,A company wants to allow full access to an Amazon S3 bucket for a particular user. <br/> Which element in the S3 bucket policy holds the user details that describe who needs access to the S3 bucket?,Principal,Action,Resource,Statement,,['a'],,https://docs.aws.amazon.com/AmazonS3/latest/dev/walkthrough1.html,,
pe-22,030,Which AWS service allows for effective cost management of multiple AWS accounts?,AWS Organizations,AWS Trusted Advisor,AWS Direct Connect,Amazon Connect,,['a'],,https://aws.amazon.com/blogs/aws/aws-organizations-policy-based-management-for-multiple-aws-accounts/,,
pe-22,031,A company is piloting a new customer-facing application on Amazon Elastic Compute Cloud (Amazon EC2) for one month. <br/> What pricing model is appropriate?,Reserved Instances,Spot Instances,On-Demand Instances,Dedicated Hosts,,['c'],,https://aws.amazon.com/ec2/pricing/,,
pe-22,032,Which AWS tools automatically forecast future AWS costs?,AWS Support Center,AWS Total Cost of Ownership (TCO) Calculator,AWS Simple Monthly Calculator,Cost Explorer,,['d'],,https://docs.aws.amazon.com/awsaccountbilling/latest/aboutv2/ce-forecast.html,,
pe-22,033,"Under the AWS shared responsibility model, which of the following is a responsibility of AWS?",Enabling server-side encryption for objects stored in S3,Applying AWS IAM security policies,Patching the operating system on an Amazon EC2 instance,Applying updates to the hypervisor,,['d'],,https://aws.amazon.com/compliance/shared-responsibility-model/?ref=wellarchitected,,
pe-22,034,A user is able to set up a master payer account to view consolidated billing reports through:,AWS Budgets.,Amazon Macie.,Amazon QuickSight.,AWS Organizations.,,['d'],,https://docs.aws.amazon.com/awsaccountbilling/latest/aboutv2/consolidated-billing.html,,
pe-22,035,Performing operations as code is a design principle that supports which pillar of the AWS Well-Architected Framework?,Performance efficiency,Operational excellence,Reliability,Security,,['b'],,https://aws.amazon.com/blogs/apn/the-5-pillars-of-the-aws-well-architected-framework/,,
pe-22,036,Which design principle is achieved by following the reliability pillar of the AWS Well-Architected Framework?,Vertical scaling,Manual failure recovery,Testing recovery procedures,Changing infrastructure manually,,['c'],,https://aws.amazon.com/blogs/apn/the-5-pillars-of-the-aws-well-architected-framework/,,
pe-22,037,What is a characteristic of Convertible Reserved Instances (RIs)?,Users can exchange Convertible RIs for other Convertible RIs from a different instance family with an equal or higher value than the Convertible Reserved Instances that you are exchanging.,Users can exchange Convertible RIs for other Convertible RIs in different AWS Regions.,Users can sell and buy Convertible RIs on the AWS Marketplace.,Users can shorten the term of their Convertible RIs by merging them with other Convertible RIs.,,['a'],,https://docs.aws.amazon.com/AWSEC2/latest/UserGuide/ri-convertible-exchange.html,,
pe-22,038,The user is fully responsible for which action when running workloads on AWS?,Patching the infrastructure components,Implementing controls to route application traffic,Maintaining physical and environmental controls,Maintaining the underlying infrastructure components,,['b'],,,,
pe-22,039,"An architecture design includes Amazon EC2, an Elastic Load Balancer, and Amazon RDS. <br/> What is the BEST way to get a monthly cost estimation for this architecture?","Open an AWS Support case, provide the architecture proposal, and ask for a monthly cost estimation.",Collect the published prices of the AWS services and calculate the monthly estimate.,Use the AWS Simple Monthly Calculator to estimate the monthly cost.,Use the AWS Total Cost of Ownership (TCO) Calculator to estimate the monthly cost.,,['c'],,https://docs.aws.amazon.com/pricing-calculator/latest/userguide/aws-pc.pdf,,
pe-22,040,Which are benefits of using Amazon RDS over Amazon EC2 when running relational databases on AWS? (Choose two.),Automated backups,Schema management,Indexing of tables,Software patching,"Extract, transform, and load (ETL) management","['a', 'd']",,https://docs.aws.amazon.com/AmazonRDS/latest/UserGuide/Welcome.html,,
pe-22,041,What does the Amazon S3 Intelligent-Tiering storage class offer?,Payment flexibility by reserving storage capacity,Long-term retention of data by copying the data to an encrypted Amazon Elastic Block Store (Amazon EBS) volume,Automatic cost savings by moving objects between tiers based on access pattern changes,"Secure, durable, and lowest cost storage for data archival",,['c'],,https://aws.amazon.com/about-aws/whats-new/2018/11/s3-intelligent-tiering/,,
pe-22,042,A company has multiple data sources across the organization and wants to consolidate data into one data warehouse. <br/> Which AWS service can be used to meet this requirement?,Amazon DynamoDB,Amazon Redshift,Amazon Athena,Amazon QuickSight,,['b'],,https://aws.amazon.com/redshift/faqs/,,
pe-22,043,Which AWS service can be used to track resource changes and establish compliance?,Amazon CloudWatch,AWS Config,AWS CloudTrail,AWS Trusted Advisor,,['b'],,https://docs.aws.amazon.com/config/latest/developerguide/evaluate-config.html,,
pe-22,044,A user has underutilized on-premises resources. <br/> Which AWS Cloud concept can BEST address this issue?,High availability,Elasticity,Security,Loose coupling,,['b'],,https://www.gremlin.com/blog/implementing-cost-saving-strategies-on-amazon-ec-2-with-chaos-engineering/,,
pe-22,045,A user has a stateful workload that will run on Amazon EC2 for the next 3 years. <br/> What is the MOST cost-effective pricing model for this workload?,On-Demand Instances,Reserved Instances,Dedicated Instances,Spot Instances,,['b'],,,,
pe-22,046,A cloud practitioner needs an Amazon EC2 instance to launch and run for 7 hours without interruptions. <br/> What is the most suitable and cost-effective option for this task?,On-Demand Instance,Reserved Instance,Dedicated Host,Spot Instance,,['a'],,,,
pe-22,047,Which of the following are benefits of using AWS Trusted Advisor? (Choose two.),Providing high-performance container orchestration,Creating and rotating encryption keys,Detecting underutilized resources to save costs,Improving security by proactively monitoring the AWS environment,Implementing enforced tagging across AWS resources,"['c', 'd']",,https://aws.amazon.com/about-aws/whats-new/2016/06/aws-support-enables-tagging-capabilities-for-trusted-advisor/,,
pe-22,048,A developer has been hired by a large company and needs AWS credentials. <br/> Which are security best practices that should be followed? (Choose two.),Grant the developer access to only the AWS resources needed to perform the job.,Share the AWS account root user credentials with the developer.,Add the developer to the administrator's group in AWS IAM.,Configure a password policy that ensures the developer's password cannot be changed.,Ensure the account password policy requires a minimum length.,"['a', 'e']",,,,
pe-22,049,Which AWS storage service is designed to transfer petabytes of data in and out of the cloud?,AWS Storage Gateway,Amazon S3 Glacier Deep Archive,Amazon Lightsail,AWS Snowball,,['d'],,https://docs.aws.amazon.com/snowball/latest/ug/transfer-petabytes.html,,
pe-22,050,Which service provides a user the ability to warehouse data in the AWS Cloud?,Amazon EFS,Amazon Redshift,Amazon RDS,Amazon VPC,,['b'],,https://aws.amazon.com/redshift/,,
pe-23,001,A user is planning to migrate an application workload to the AWS Cloud. <br/> Which control becomes the responsibility of AWS once the migration is complete?,Patching the guest operating system,Maintaining physical and environmental controls,Protecting communications and maintaining zone security,Patching specific applications,,['b'],,,,
pe-23,002,Which services can be used to deploy applications on AWS? (Choose two.),AWS Elastic Beanstalk,AWS Config,AWS OpsWorks,AWS Application Discovery Service,Amazon Kinesis,"['a', 'c']",,https://d0.awsstatic.com/whitepapers/overview-of-deployment-options-on-aws.pdf,,
pe-23,003,"Which AWS service can be used to provide an on-demand, cloud-based contact center?",AWS Direct Connect,Amazon Connect,AWS Support Center,AWS Managed Services,,['b'],,https://aws.amazon.com/connect/customers/,,
pe-23,004,What tool enables customers without an AWS account to estimate costs for almost all AWS services?,Cost Explorer,TCO Calculator,AWS Budgets,AWS Pricing Calculator,,['d'],,https://calculator.aws/#/,,
pe-23,005,Which component must be attached to a VPC to enable inbound Internet access?,NAT gateway,VPC endpoint,VPN connection,Internet gateway,,['d'],,https://d1.awsstatic.com/whitepapers/aws-security-whitepaper.pdf,,
pe-23,006,Which pricing model would result in maximum Amazon Elastic Compute Cloud (Amazon EC2) savings for a database server that must be online for one year?,Spot Instance,On-Demand Instance,Partial Upfront Reserved Instance,No Upfront Reserved Instance,,['c'],,https://docs.aws.amazon.com/AWSEC2/latest/UserGuide/ec2-reserved-instances.html,,
pe-23,007,A company has a MySQL database running on a single Amazon EC2 instance. The company now requires higher availability in the event of an outage. <br/> Which set of tasks would meet this requirement?,Add an Application Load Balancer in front of the EC2 instance,Configure EC2 Auto Recovery to move the instance to another Availability Zone,Migrate to Amazon RDS and enable Multi-AZ,Enable termination protection for the EC2 instance to avoid outages,,['c'],,https://docs.aws.amazon.com/AmazonRDS/latest/UserGuide/Concepts.MultiAZ.html,,
pe-23,008,A company wants to ensure that AWS Management Console users are meeting password complexity requirements. <br/> How can the company configure password complexity?,Using an AWS IAM user policy,Using an AWS Organizations service control policy (SCP),Using an AWS IAM account password policy,Using an AWS Security Hub managed insight,,['c'],,https://docs.aws.amazon.com/IAM/latest/UserGuide/id_credentials_passwords_account-policy.html,,
pe-23,009,"Under the AWS shared responsibility model, which of the following is the customer's responsibility?",Patching guest OS and applications,Patching and fixing flaws in the infrastructure,Physical and environmental controls,Configuration of AWS infrastructure devices,,['a'],,,,
pe-23,010,Which of the following tasks is required to deploy a PCI-compliant workload on AWS?,Use any AWS service and implement PCI controls at the application layer,Use an AWS service that is in-scope for PCI compliance and raise an AWS support ticket to enable PCI compliance at the application layer,Use any AWS service and raise an AWS support ticket to enable PCI compliance on that service,Use an AWS service that is in scope for PCI compliance and apply PCI controls at the application layer,,['d'],,https://docs.aws.amazon.com/securityhub/latest/userguide/securityhub-pci-controls.html,,
pe-23,011,"A company is building an application that requires the ability to send, store, and receive messages between application components. The company has another requirement to process messages in first-in, first-out (FIFO) order. <br/> Which AWS service should the company use?",AWS Step Functions,Amazon Simple Notification Service (Amazon SNS),Amazon Kinesis Data Streams,Amazon Simple Queue Service (Amazon SQS),,['d'],,https://aws.amazon.com/sqs/faqs/,,
pe-23,012,"AnyCompany recently purchased Example Corp. Both companies use AWS resources, and AnyCompany wants a single aggregated bill.  <br/> Which option allows AnyCompany to receive a single bill?",Example Corp. must submit a request to its AWS solutions architect or AWS technical account manager to link the accounts and consolidate billing.,AnyCompany must create a new support case in the AWS Support Center requesting that both bills be combined.,Send an invitation to join the organization from AnyCompany's AWS Organizations master account to Example Corp.,"Migrate the Example Corp. VPCs, Amazon EC2 instances, and other resources into the AnyCompany AWS account.",,['c'],,https://docs.aws.amazon.com/awsaccountbilling/latest/aboutv2/awsaccountbilling-aboutv2.pdf,,
pe-23,013,Which tool can be used to create alerts when the actual or forecasted cost of AWS services exceeds a certain threshold?,Cost Explorer,AWS Budgets,AWS Cost and Usage Report,AWS CloudTrail,,['b'],,https://aws.amazon.com/getting-started/hands-on/control-your-costs-free-tier-budgets/,,
pe-23,014,"A user has limited knowledge of AWS services, but wants to quickly deploy a scalable Node.js application in the AWS Cloud. <br/> Which service should be used to deploy the application?",AWS CloudFormation,AWS Elastic Beanstalk,Amazon EC2,AWS OpsWorks,,['b'],,https://aws.amazon.com/elasticbeanstalk/,,
pe-23,015,Which AWS Trusted Advisor check is available to all AWS users?,Core checks,All checks,Cost optimization checks,Fault tolerance checks,,['a'],,https://www.amazonaws.cn/en/support/trustedadvisor/faq/#checks,,
pe-23,016,A web developer is concerned that a DDoS attack could target an application. <br/> Which AWS services or features can help protect against such an attack? (Choose two.),AWS Shield,AWS CloudTrail,Amazon CloudFront,AWS Support Center,AWS Service Health Dashboard,"['a', 'c']",,https://aws.amazon.com/shield/,,
pe-23,017,"Which AWS service gives users on-demand, self-service access to AWS compliance control reports?",AWS Config,Amazon GuardDuty,AWS Trusted Advisor,AWS Artifact,,['d'],,https://aws.amazon.com/artifact,,
pe-23,018,A company wants to provide one of its employees with access to Amazon RDS. The company also wants to limit the interaction to only the AWS CLI and AWS software development kits (SDKs). <br/> Which combination of actions should the company take to meet these requirements while following the principles of least privilege? (Choose two.),Create an IAM user and provide AWS Management Console access only.,Create an IAM user and provide programmatic access only.,Create an IAM role and provide AWS Management Console access only.,Create an IAM policy with administrator access and attach it to the IAM user.,Create an IAM policy with Amazon RDS access and attach it to the IAM user.,"['b', 'e']",,,,
pe-23,019,"A company has a compliance requirement to record and evaluate configuration changes, as well as perform remediation actions on AWS resources. <br/> Which AWS service should the company use?",AWS Config,AWS Secrets Manager,AWS CloudTrail,AWS Trusted Advisor,,['a'],,https://aws.amazon.com/config/,,
pe-23,020,What are the advantages of deploying an application with Amazon EC2 instances in multiple Availability Zones? (Choose two.),Preventing a single point of failure,Reducing the operational costs of the application,Allowing the application to serve cross-region users with low latency,Increasing the availability of the application,Increasing the load of the application,"['a', 'd']",,https://docs.aws.amazon.com/AWSEC2/latest/UserGuide/ec2-increase-availability.html,,
pe-23,021,A workload on AWS will run for the foreseeable future by using a consistent number of Amazon EC2 instances. <br/> What pricing model will minimize cost while ensuring that compute resources remain available?,Dedicated Hosts,On-Demand Instances,Spot Instances,Reserved Instances,,['d'],,https://docs.aws.amazon.com/AWSEC2/latest/UserGuide/ec2-reserved-instances.html,,
pe-23,022,Which tool can be used to identify scheduled changes to the AWS infrastructure?,AWS Personal Health Dashboard,AWS Trusted Advisor,Billing Dashboard,AWS Config,,['a'],,https://aws.amazon.com/premiumsupport/technology/personal-health-dashboard/,,
pe-23,023,Which of the following is the customer's responsibility when using Amazon RDS?,Patching the operating system of underlying hardware,Controlling traffic to and from the database through security groups,Running backups that enable point-in-time recovery of a DB instance,Replacing failed DB instances,,['b'],,https://docs.aws.amazon.com/AmazonRDS/latest/UserGuide/UsingWithRDS.html,,
pe-23,024,What is the customer's responsibility when using AWS Lambda?,Operating system configuration,Application management,Platform management,Code encryption,,['b'],,https://aws.amazon.com/lambda/security-overview-of-aws-lambda/,,
pe-23,025,A company wants to be notified when its AWS Cloud costs or usage exceed defined thresholds. <br/> Which AWS service will support these requirements?,AWS Budgets,Cost Explorer,AWS CloudTrail,Amazon Macie,,['a'],,https://aws.amazon.com/aws-cost-management/aws-budgets/,,
pe-23,026,Which AWS service provides the ability to host a NoSQL database in the AWS Cloud?,Amazon Aurora,Amazon DynamoDB,Amazon RDS,Amazon Redshift,,['b'],,https://aws.amazon.com/nosql/,,
pe-23,027,Which AWS service allows customers to purchase unused Amazon EC2 capacity at an often discounted rate?,Reserved Instances,On-Demand Instances,Dedicated Instances,Spot Instances,,['d'],,https://aws.amazon.com/ec2/spot/,,
pe-23,028,Which AWS service or feature requires an internet service provider (ISP) and a colocation facility to be implemented?,AWS VPN,Amazon Connect,AWS Direct Connect,Internet gateway,,['c'],,https://aws.amazon.com/directconnect/partners/,,
pe-23,029,Which AWS services offer compute capabilities? (Choose two.),Amazon EC2,Amazon S3,Amazon Elastic Block Store (Amazon EBS),Amazon Cognito,AWS Lambda,"['a', 'e']",,https://docs.aws.amazon.com/whitepapers/latest/aws-overview/compute-services.html,,
pe-23,030,Which AWS service can be used to privately store and manage versions of source code?,AWS CodeBuild,AWS CodeCommit,AWS CodePipeline,AWS CodeStar,,['b'],,https://docs.aws.amazon.com/codecommit/latest/userguide/welcome.html,,
pe-23,031,Which AWS service should a cloud practitioner use to identify security vulnerabilities of an AWS account?,AWS Secrets Manager,Amazon Cognito,Amazon Macie,AWS Trusted Advisor,,['d'],,https://www.coalfire.com/the-coalfire-blog/march-2019/aws-trusted-advisor-for-security-compliance,,
pe-23,032,A company wants to ensure its infrastructure is designed for fault tolerance and business continuity in the event of an environmental disruption. <br/> Which AWS infrastructure component should the company replicate across?,Edge locations,Availability Zones,Regions,Amazon Route 53,,['b'],,https://d36cz9buwru1tt.cloudfront.net/AWS_Building_Fault_Tolerant_Applications.pdf,,
pe-23,033,Which AWS service or feature is used to send both text and email messages from distributed applications?,Amazon Simple Notification Service (Amazon SNS),Amazon Simple Email Service (Amazon SES),Amazon CloudWatch alerts,Amazon Simple Queue Service (Amazon SQS),,['a'],,https://aws.amazon.com/sns/faqs/,,
pe-23,034,Which AWS Cloud design principles can help increase reliability? (Choose two.),Using monolithic architecture,Measuring overall efficiency,Testing recovery procedures,Adopting a consumption model,Automatically recovering from failure,"['c', 'e']",,https://wa.aws.amazon.com/wat.pillar.reliability.en.html,,
pe-23,035,A company is planning to launch an ecommerce site in a single AWS Region to a worldwide user base. <br/> Which AWS services will allow the company to reach users and provide low latency and high transfer speeds? (Choose two.),Application Load Balancer,AWS Global Accelerator,AWS Direct Connect,Amazon CloudFront,AWS Lambda,"['b', 'd']",,https://aws.amazon.com/cloudfront/faqs/,,
pe-23,036,"A company wants to connect to AWS over a private, low-latency connection from its remote office. <br/> What is the recommended method to meet these requirements?",Create a VPN tunnel,Connect across the public internet,Use VPC peering to create a connection.,Use AWS Direct Connect.,,['d'],,https://aws.amazon.com/getting-started/projects/connect-data-center-to-aws/,,
pe-23,037,Which AWS service can be used to retrieve compliance reports on demand?,AWS Secrets Manager,AWS Artifact,AWS Security Hub,AWS Certificate Manager,,['b'],,https://aws.amazon.com/artifact/,,
pe-23,038,A company has an AWS-hosted website located behind an Application Load Balancer. The company wants to safeguard the website from SQL injection or cross-site scripting. <br/> Which AWS service should the company use?,Amazon GuardDuty,AWS WAF,AWS Trusted Advisor,Amazon Inspector,,['b'],,https://aws.amazon.com/waf/faq/,,
pe-23,039,How should a web application be deployed to ensure high availability in the AWS Cloud?,Deploy multiple instances of the application in multiple Availability Zones.,Deploy multiple instances of the application in a single Availability Zone.,Deploy the application to a compute-optimized Amazon EC2 instance in a single Availability Zone.,Deploy the application in one Amazon EC2 instance in an Auto Scaling group.,,['a'],,https://www.betsol.com/blog/how-to-make-high-availability-web-applications-on-amazon-web-services/,,
pe-23,040,A company is running a self-managed Oracle database directly on Amazon EC2 for its steady-state database. The company wants to reduce compute costs. <br/> Which option should the company use to maximize savings over a 3-year term?,EC2 Dedicated Instances,EC2 Spot Instances,EC2 Reserved Instances,EC2 On-Demand Instances,,['c'],,https://aws.amazon.com/choosing-a-cloud-platform/,,
pe-23,041,"An external auditor has requested that a company provide a list of all its IAM users, including the status of users' credentials and access keys. <br/> What it the SIMPLEST way to provide this information?","Create an IAM user account for the auditor, granting the auditor administrator permissions.","Take a screenshot of each user's page in the AWS Management Console, then provide the screenshots to the auditor.","Download the IAM credential report, then provide the report to the auditor.","Download the AWS Trusted Advisor report, then provide the report to the auditor.",,['c'],,https://docs.aws.amazon.com/IAM/latest/UserGuide/id_credentials_getting-report.html,,
pe-23,042,What are the benefits of consolidated billing for AWS Cloud services? (Choose two.),Volume discounts,A minimal additional fee for use,One bill for multiple accounts,Installment payment options,Custom cost and usage budget creation,"['a', 'c']",,https://docs.aws.amazon.com/awsaccountbilling/latest/aboutv2/consolidated-billing.html,,
pe-23,043,"A company is expecting a short-term spike in internet traffic for its application. During the traffic increase, the application cannot be interrupted. The company also needs to minimize cost and maximize flexibility. <br/> Which Amazon EC2 instance type should the company use to meet these requirements?",On-Demand Instances,Spot Instances,Reserved Instances,Dedicated Hosts,,['a'],,https://aws.amazon.com/ec2/faqs/,,
pe-23,044,A company wants to track AWS resource configuration changes for compliance reasons. <br/> Which AWS feature can be used to meet this requirement?,AWS Cost and Usage Report,AWS Organizations service control policies (SCPs),AWS Config rules,VPC Flow Logs,,['c'],,https://aws.amazon.com/config/,,
pe-23,045,A company is building an application that needs to deliver images and videos globally with minimal latency. <br/> Which approach can the company use to accomplish this in a cost effective manner?,Deliver the content through Amazon CloudFront.,Store the content on Amazon S3 and enable S3 cross-region replication.,Implement a VPN across multiple AWS Regions.,Deliver the content through AWS PrivateLink.,,['a'],,https://aws.amazon.com/blogs/industries/how-to-build-a-global-scalable-low-latency-and-secure-machine-learning-medical-imaging-analysis-platform-on-aws/,,
pe-23,046,The AWS IAM best practice for granting least privilege is to:,apply an IAM policy to an IAM group and limit the size of the group.,require multi-factor authentication (MFA) for all IAM users.,require each IAM user who has different permissions to have multiple passwords.,apply an IAM policy only to IAM users who require it.,,['d'],,https://kirkpatrickprice.com/blog/best-practices-for-privilege-management-in-aws/,,
pe-23,047,Which cloud computing benefit does AWS demonstrate with its ability to offer lower variable costs as a result of high purchase volumes?,Pay-as-you-go pricing,High availability,Global reach,Economies of scale,,['d'],,https://innovationtactics.com/amazon-business-model-amazon-web-services/,,
pe-23,048,A pharmaceutical company operates its infrastructure in a single AWS Region. The company has thousands of VPCs in a various AWS accounts that it wants to interconnect. <br/> Which AWS service or feature should the company use to help simplify management and reduce operational costs?,VPC endpoint,AWS Direct Connect,AWS Transit Gateway,VPC peering,,['c'],,https://d1.awsstatic.com/whitepapers/building-a-scalable-and-secure-multi-vpc-aws-network-infrastructure.pdf,,
pe-23,049,How can AWS enable a company to control expenses as an application's usage changes unpredictably?,AWS will refund the cost difference if a customer moves to larger servers.,The application can be built to scale up or down automatically as resources are needed,Spot instances will automatically be used if the price is lower than on-demand instances.,Amazon CloudWatch will automatically predict what resources are needed.,,['b'],,,,
pe-23,050,Which AWS service or feature can be used to prevent SQL injection attacks?,Security groups,Network ACLs,AWS WAF,IAM policy,,['c'],,https://docs.aws.amazon.com/waf/latest/developerguide/classic-web-acl-sql-conditions.html,,
practice exam,001,# Practice Exam ## Free AWS Cloud Practitioner Practice Questions with answers Are you prepared? Utilize these free practice questions to assess your understanding. Test your knowledge with these free practice questions which will help you before the exam. Simply go through the below tests. you can see sample questions with the correct answers and detailed explanations or reference links. Please feel free to comment below if any information is inaccurate or if any answers need correction. If this guide has been helpful to you please share it with others and react to this below. ### Exam List - [Practice Exam - 1](./practice-exam-1.md) - [Practice Exam - 2](./practice-exam-2.md) - [Practice Exam - 3](./practice-exam-3.md) - [Practice Exam - 4](./practice-exam-4.md) - [Practice Exam - 5](./practice-exam-5.md) - [Practice Exam - 6](./practice-exam-6.md) - [Practice Exam - 7](./practice-exam-7.md) - [Practice Exam - 8](./practice-exam-8.md) - [Practice Exam - 9](./practice-exam-9.md) - [Practice Exam - 10](./practice-exam-10.md) - [Practice Exam - 11](./practice-exam-11.md) - [Practice Exam - 12](./practice-exam-12.md) - [Practice Exam - 13](./practice-exam-13.md) - [Practice Exam - 14](./practice-exam-14.md) - [Practice Exam - 15](./practice-exam-15.md) - [Practice Exam - 16](./practice-exam-16.md) - [Practice Exam - 17](./practice-exam-17.md) - [Practice Exam - 18](./practice-exam-18.md) - [Practice Exam - 19](./practice-exam-19.md) - [Practice Exam - 20](./practice-exam-20.md) - [Practice Exam - 21](./practice-exam-21.md) - [Practice Exam - 22](./practice-exam-22.md) - [Practice Exam - 23](./practice-exam-23.md) ## Buy AWS Cloud Practitioner Study Notes And Practice Exams PDF ![Ebook_Cover](../images/Ebook_Cover.png) **[Sample PDF](../images/AWS-Cloud-Practitioner-Practice-Exams-Sample.pdf)** &nbsp; &nbsp; &nbsp; **[Buy Practice Exams PDF](https://www.buymeacoffee.com/kananinirav/e/174069)** &nbsp; &nbsp; &nbsp; Purchase an PDF on Kindle and adjust your region settings for the most favorable price based on your location: **[Kindle Edition](https://a.co/d/7ERcTBI) (free for kindle unlimited users)**,,,,,,[],,,,